# Source: Wiktionary (https://www.wiktionary.org), licensed CC-BY-SA 4.0. Attribution and share-alike terms apply to any redistribution of this content вАФ see https://creativecommons.org/licenses/by-sa/4.0/. Auto-imported; review before promotion.
language,surface_pattern,surface_patterns,variants,canonical_reference,reference_type,source_work,source_author,source_location,source_quote,source_note,short_explanation,explanation_key,source_work_key,source_author_key,learner_level,register,confidence,source_url,source_license,rights_basis,source_dataset,notes
hi,а§Еа§Ва§°а•З а§Ха§Њ а§ґа§єа§Ьа§Ља§Ња§¶а§Њ,,,а§Еа§Ва§°а•З а§Ха§Њ а§ґа§єа§Ьа§Ља§Ња§¶а§Њ,cultural_reference,Wiktionary,Wiktionary contributors,,,,"an unexperienced man, novice",,,,B1,common,0.70,https://en.wiktionary.org/wiki/%E0%A4%85%E0%A4%82%E0%A4%A1%E0%A5%87_%E0%A4%95%E0%A4%BE_%E0%A4%B6%E0%A4%B9%E0%A4%9C%E0%A4%BC%E0%A4%BE%E0%A4%A6%E0%A4%BE,CC-BY-SA-4.0,,hi_wiktionary_idioms,Auto-imported from Wiktionary. Verify explanation and surface_patterns before promotion.
hi,а§Еа§Ва§Іа•З а§Ха•З а§єа§Ња§• а§ђа§Яа•За§∞ а§≤а§Ча§®а§Њ,,,а§Еа§Ва§Іа•З а§Ха•З а§єа§Ња§• а§ђа§Яа•За§∞ а§≤а§Ча§®а§Њ,cultural_reference,Wiktionary,Wiktionary contributors,,,,"to have a windfall, experience unexpected good fortune",,,,B1,common,0.70,https://en.wiktionary.org/wiki/%E0%A4%85%E0%A4%82%E0%A4%A7%E0%A5%87_%E0%A4%95%E0%A5%87_%E0%A4%B9%E0%A4%BE%E0%A4%A5_%E0%A4%AC%E0%A4%9F%E0%A5%87%E0%A4%B0_%E0%A4%B2%E0%A4%97%E0%A4%A8%E0%A4%BE,CC-BY-SA-4.0,,hi_wiktionary_idioms,Auto-imported from Wiktionary. Verify explanation and surface_patterns before promotion.
hi,а§Еа§Ва§Іа•За§∞ а§®а§Ча§∞а•А а§Ъа•Ма§™а§Я а§∞а§Ња§Ьа§Њ,,,а§Еа§Ва§Іа•За§∞ а§®а§Ча§∞а•А а§Ъа•Ма§™а§Я а§∞а§Ња§Ьа§Њ,cultural_reference,Wiktionary,Wiktionary contributors,,,,a kangaroo court,,,,B1,common,0.70,https://en.wiktionary.org/wiki/%E0%A4%85%E0%A4%82%E0%A4%A7%E0%A5%87%E0%A4%B0_%E0%A4%A8%E0%A4%97%E0%A4%B0%E0%A5%80_%E0%A4%9A%E0%A5%8C%E0%A4%AA%E0%A4%9F_%E0%A4%B0%E0%A4%BE%E0%A4%9C%E0%A4%BE,CC-BY-SA-4.0,,hi_wiktionary_idioms,Auto-imported from Wiktionary. Verify explanation and surface_patterns before promotion.
hi,а§Еа§Ха§Ља•На§≤ а§Ха§Њ а§¶а•Ба§ґа•На§Ѓа§®,,,а§Еа§Ха§Ља•На§≤ а§Ха§Њ а§¶а•Ба§ґа•На§Ѓа§®,cultural_reference,Wiktionary,Wiktionary contributors,,,,"a fool, idiot, stupid person",,,,B1,common,0.70,https://en.wiktionary.org/wiki/%E0%A4%85%E0%A4%95%E0%A4%BC%E0%A5%8D%E0%A4%B2_%E0%A4%95%E0%A4%BE_%E0%A4%A6%E0%A5%81%E0%A4%B6%E0%A5%8D%E0%A4%AE%E0%A4%A8,CC-BY-SA-4.0,,hi_wiktionary_idioms,Auto-imported from Wiktionary. Verify explanation and surface_patterns before promotion.
hi,а§Еа§Ха§Ља•На§≤ а§ђа§°а§Ља•А а§ѓа§Њ а§≠а•Иа§Ва§Є,,,а§Еа§Ха§Ља•На§≤ а§ђа§°а§Ља•А а§ѓа§Њ а§≠а•Иа§Ва§Є,cultural_reference,Wiktionary,Wiktionary contributors,,,,used to mock or question someone who prefers brute force or size over intelligence,,,,B1,common,0.70,https://en.wiktionary.org/wiki/%E0%A4%85%E0%A4%95%E0%A4%BC%E0%A5%8D%E0%A4%B2_%E0%A4%AC%E0%A4%A1%E0%A4%BC%E0%A5%80_%E0%A4%AF%E0%A4%BE_%E0%A4%AD%E0%A5%88%E0%A4%82%E0%A4%B8,CC-BY-SA-4.0,,hi_wiktionary_idioms,Auto-imported from Wiktionary. Verify explanation and surface_patterns before promotion.
hi,а§Еа§Іа§Ьа§≤ а§Ча§Ча§∞а•А а§Ыа§≤а§Ха§§ а§Ьа§Ња§ѓ,,,а§Еа§Іа§Ьа§≤ а§Ча§Ча§∞а•А а§Ыа§≤а§Ха§§ а§Ьа§Ња§ѓ,cultural_reference,Wiktionary,Wiktionary contributors,,,,the empty vessels make the most noise; those who know little still show off,,,,B1,common,0.70,https://en.wiktionary.org/wiki/%E0%A4%85%E0%A4%A7%E0%A4%9C%E0%A4%B2_%E0%A4%97%E0%A4%97%E0%A4%B0%E0%A5%80_%E0%A4%9B%E0%A4%B2%E0%A4%95%E0%A4%A4_%E0%A4%9C%E0%A4%BE%E0%A4%AF,CC-BY-SA-4.0,,hi_wiktionary_idioms,Auto-imported from Wiktionary. Verify explanation and surface_patterns before promotion.
hi,а§Еа§™а§®а§Њ а§Йа§≤а•На§≤а•В а§Єа•Аа§Іа§Њ а§Ха§∞а§®а§Њ,,,а§Еа§™а§®а§Њ а§Йа§≤а•На§≤а•В а§Єа•Аа§Іа§Њ а§Ха§∞а§®а§Њ,cultural_reference,Wiktionary,Wiktionary contributors,,,,"to be selfish, to fulfill one's self-interest",,,,B1,common,0.70,https://en.wiktionary.org/wiki/%E0%A4%85%E0%A4%AA%E0%A4%A8%E0%A4%BE_%E0%A4%89%E0%A4%B2%E0%A5%8D%E0%A4%B2%E0%A5%82_%E0%A4%B8%E0%A5%80%E0%A4%A7%E0%A4%BE_%E0%A4%95%E0%A4%B0%E0%A4%A8%E0%A4%BE,CC-BY-SA-4.0,,hi_wiktionary_idioms,Auto-imported from Wiktionary. Verify explanation and surface_patterns before promotion.
hi,а§Еа§™а§®а•А а§Ча§≤а•А а§Ѓа•За§В а§Ха•Ба§§а•На§§а§Њ а§≠а•А а§ґа•За§∞ а§єа•Ла§§а§Њ а§єа•И,,,а§Еа§™а§®а•А а§Ча§≤а•А а§Ѓа•За§В а§Ха•Ба§§а•На§§а§Њ а§≠а•А а§ґа•За§∞ а§єа•Ла§§а§Њ а§єа•И,cultural_reference,Wiktionary,Wiktionary contributors,,,,"""even a dog is a lion in his own alley""; one acts stronger in one's own neighbourhood",,,,B1,common,0.70,https://en.wiktionary.org/wiki/%E0%A4%85%E0%A4%AA%E0%A4%A8%E0%A5%80_%E0%A4%97%E0%A4%B2%E0%A5%80_%E0%A4%AE%E0%A5%87%E0%A4%82_%E0%A4%95%E0%A5%81%E0%A4%A4%E0%A5%8D%E0%A4%A4%E0%A4%BE_%E0%A4%AD%E0%A5%80_%E0%A4%B6%E0%A5%87%E0%A4%B0_%E0%A4%B9%E0%A5%8B%E0%A4%A4%E0%A4%BE_%E0%A4%B9%E0%A5%88,CC-BY-SA-4.0,,hi_wiktionary_idioms,Auto-imported from Wiktionary. Verify explanation and surface_patterns before promotion.
hi,а§Еа§ђ а§™а§Ыа§§а§Ња§П а§Ха•На§ѓа§Њ а§єа•Ла§§ а§Ьа§ђ а§Ъа§ња§°а§Ља§ња§ѓа§Њ а§Ъа•Ба§Ч а§Ча§И а§Ца•За§§,,,а§Еа§ђ а§™а§Ыа§§а§Ња§П а§Ха•На§ѓа§Њ а§єа•Ла§§ а§Ьа§ђ а§Ъа§ња§°а§Ља§ња§ѓа§Њ а§Ъа•Ба§Ч а§Ча§И а§Ца•За§§,cultural_reference,Wiktionary,Wiktionary contributors,,,,it is useless to regret after the damage is done; no use crying over spilled milk,,,,B1,common,0.70,https://en.wiktionary.org/wiki/%E0%A4%85%E0%A4%AC_%E0%A4%AA%E0%A4%9B%E0%A4%A4%E0%A4%BE%E0%A4%8F_%E0%A4%95%E0%A5%8D%E0%A4%AF%E0%A4%BE_%E0%A4%B9%E0%A5%8B%E0%A4%A4_%E0%A4%9C%E0%A4%AC_%E0%A4%9A%E0%A4%BF%E0%A4%A1%E0%A4%BC%E0%A4%BF%E0%A4%AF%E0%A4%BE_%E0%A4%9A%E0%A5%81%E0%A4%97_%E0%A4%97%E0%A4%88_%E0%A4%96%E0%A5%87%E0%A4%A4,CC-BY-SA-4.0,,hi_wiktionary_idioms,Auto-imported from Wiktionary. Verify explanation and surface_patterns before promotion.
hi,а§Жа§Ба§Ц а§Ѓа§Ња§∞а§®а§Њ,,,а§Жа§Ба§Ц а§Ѓа§Ња§∞а§®а§Њ,cultural_reference,Wiktionary,Wiktionary contributors,,,,to wink,,,,B1,common,0.70,https://en.wiktionary.org/wiki/%E0%A4%86%E0%A4%81%E0%A4%96_%E0%A4%AE%E0%A4%BE%E0%A4%B0%E0%A4%A8%E0%A4%BE,CC-BY-SA-4.0,,hi_wiktionary_idioms,Auto-imported from Wiktionary. Verify explanation and surface_patterns before promotion.
hi,а§Жа§Иа§®а§Њ а§¶а§ња§Ца§Ња§®а§Њ,,,а§Жа§Иа§®а§Њ а§¶а§ња§Ца§Ња§®а§Њ,cultural_reference,Wiktionary,Wiktionary contributors,,,,to give a reality check,,,,B1,common,0.70,https://en.wiktionary.org/wiki/%E0%A4%86%E0%A4%88%E0%A4%A8%E0%A4%BE_%E0%A4%A6%E0%A4%BF%E0%A4%96%E0%A4%BE%E0%A4%A8%E0%A4%BE,CC-BY-SA-4.0,,hi_wiktionary_idioms,Auto-imported from Wiktionary. Verify explanation and surface_patterns before promotion.
hi,а§Жа§†а•Ла§В а§™а§єа§∞,,,а§Жа§†а•Ла§В а§™а§єа§∞,cultural_reference,Wiktionary,Wiktionary contributors,,,,"all day, for twenty-four hours",,,,B1,common,0.70,https://en.wiktionary.org/wiki/%E0%A4%86%E0%A4%A0%E0%A5%8B%E0%A4%82_%E0%A4%AA%E0%A4%B9%E0%A4%B0,CC-BY-SA-4.0,,hi_wiktionary_idioms,Auto-imported from Wiktionary. Verify explanation and surface_patterns before promotion.
hi,а§Жа§¶а§Ња§®-а§™а•На§∞а§¶а§Ња§®,,,а§Жа§¶а§Ња§®-а§™а•На§∞а§¶а§Ња§®,cultural_reference,Wiktionary,Wiktionary contributors,,,,exchange,,,,B1,common,0.70,https://en.wiktionary.org/wiki/%E0%A4%86%E0%A4%A6%E0%A4%BE%E0%A4%A8-%E0%A4%AA%E0%A5%8D%E0%A4%B0%E0%A4%A6%E0%A4%BE%E0%A4%A8,CC-BY-SA-4.0,,hi_wiktionary_idioms,Auto-imported from Wiktionary. Verify explanation and surface_patterns before promotion.
hi,а§Жа§Ѓ а§Ха•З а§Жа§Ѓ а§Ча•Ба§†а§≤а§ња§ѓа•Ла§В а§Ха•З а§¶а§Ња§Ѓ,,,а§Жа§Ѓ а§Ха•З а§Жа§Ѓ а§Ча•Ба§†а§≤а§ња§ѓа•Ла§В а§Ха•З а§¶а§Ња§Ѓ,cultural_reference,Wiktionary,Wiktionary contributors,,,,To eat a mango and resell the seeds.,,,,B1,common,0.70,https://en.wiktionary.org/wiki/%E0%A4%86%E0%A4%AE_%E0%A4%95%E0%A5%87_%E0%A4%86%E0%A4%AE_%E0%A4%97%E0%A5%81%E0%A4%A0%E0%A4%B2%E0%A4%BF%E0%A4%AF%E0%A5%8B%E0%A4%82_%E0%A4%95%E0%A5%87_%E0%A4%A6%E0%A4%BE%E0%A4%AE,CC-BY-SA-4.0,,hi_wiktionary_idioms,Auto-imported from Wiktionary. Verify explanation and surface_patterns before promotion.
hi,"а§Жа§Ѓ а§Ха•З а§Жа§Ѓ, а§Ча•Ба§†а§≤а§ња§ѓа•Ла§В а§Ха•З а§¶а§Ња§Ѓ",,,"а§Жа§Ѓ а§Ха•З а§Жа§Ѓ, а§Ча•Ба§†а§≤а§ња§ѓа•Ла§В а§Ха•З а§¶а§Ња§Ѓ",cultural_reference,Wiktionary,Wiktionary contributors,,,,To eat a mango and resell the seeds.,,,,B1,common,0.70,https://en.wiktionary.org/wiki/%E0%A4%86%E0%A4%AE_%E0%A4%95%E0%A5%87_%E0%A4%86%E0%A4%AE%2C_%E0%A4%97%E0%A5%81%E0%A4%A0%E0%A4%B2%E0%A4%BF%E0%A4%AF%E0%A5%8B%E0%A4%82_%E0%A4%95%E0%A5%87_%E0%A4%A6%E0%A4%BE%E0%A4%AE,CC-BY-SA-4.0,,hi_wiktionary_idioms,Auto-imported from Wiktionary. Verify explanation and surface_patterns before promotion.
hi,а§Жа§∞а§§а•А а§Йа§§а§Ња§∞а§®а§Њ,,,а§Жа§∞а§§а•А а§Йа§§а§Ња§∞а§®а§Њ,cultural_reference,Wiktionary,Wiktionary contributors,,,,"to perform aarti, to do pooja",,,,B1,common,0.70,https://en.wiktionary.org/wiki/%E0%A4%86%E0%A4%B0%E0%A4%A4%E0%A5%80_%E0%A4%89%E0%A4%A4%E0%A4%BE%E0%A4%B0%E0%A4%A8%E0%A4%BE,CC-BY-SA-4.0,,hi_wiktionary_idioms,Auto-imported from Wiktionary. Verify explanation and surface_patterns before promotion.
hi,а§Жа§µа§ґа•На§ѓа§Ха§§а§Њ а§Жа§µа§ња§Ја•На§Ха§Ња§∞ а§Ха•А а§Ьа§®а§®а•А а§єа•И,,,а§Жа§µа§ґа•На§ѓа§Ха§§а§Њ а§Жа§µа§ња§Ја•На§Ха§Ња§∞ а§Ха•А а§Ьа§®а§®а•А а§єа•И,cultural_reference,Wiktionary,Wiktionary contributors,,,,necessity is the mother of invention,,,,B1,common,0.70,https://en.wiktionary.org/wiki/%E0%A4%86%E0%A4%B5%E0%A4%B6%E0%A5%8D%E0%A4%AF%E0%A4%95%E0%A4%A4%E0%A4%BE_%E0%A4%86%E0%A4%B5%E0%A4%BF%E0%A4%B7%E0%A5%8D%E0%A4%95%E0%A4%BE%E0%A4%B0_%E0%A4%95%E0%A5%80_%E0%A4%9C%E0%A4%A8%E0%A4%A8%E0%A5%80_%E0%A4%B9%E0%A5%88,CC-BY-SA-4.0,,hi_wiktionary_idioms,Auto-imported from Wiktionary. Verify explanation and surface_patterns before promotion.
hi,а§Жа§Єа•На§§а•Аа§® а§Ха§Њ а§Єа§Ња§Ба§™,,,а§Жа§Єа•На§§а•Аа§® а§Ха§Њ а§Єа§Ња§Ба§™,cultural_reference,Wiktionary,Wiktionary contributors,,,,a snake in the grass,,,,B1,common,0.70,https://en.wiktionary.org/wiki/%E0%A4%86%E0%A4%B8%E0%A5%8D%E0%A4%A4%E0%A5%80%E0%A4%A8_%E0%A4%95%E0%A4%BE_%E0%A4%B8%E0%A4%BE%E0%A4%81%E0%A4%AA,CC-BY-SA-4.0,,hi_wiktionary_idioms,Auto-imported from Wiktionary. Verify explanation and surface_patterns before promotion.
hi,а§Иа§¶ а§Ха§Њ а§Ъа§Ња§Ба§¶,,,а§Иа§¶ а§Ха§Њ а§Ъа§Ња§Ба§¶,cultural_reference,Wiktionary,Wiktionary contributors,,,,"a rarity, sight, wonder",,,,B1,common,0.70,https://en.wiktionary.org/wiki/%E0%A4%88%E0%A4%A6_%E0%A4%95%E0%A4%BE_%E0%A4%9A%E0%A4%BE%E0%A4%81%E0%A4%A6,CC-BY-SA-4.0,,hi_wiktionary_idioms,Auto-imported from Wiktionary. Verify explanation and surface_patterns before promotion.
hi,а§Иа§ґа•На§µа§∞ а§Ха•А а§Ѓа§Ња§ѓа§Њ а§Ха§єа•Аа§В а§Іа•Ва§™ а§Ха§єа•Аа§В а§Ыа§Ња§ѓа§Њ,,,а§Иа§ґа•На§µа§∞ а§Ха•А а§Ѓа§Ња§ѓа§Њ а§Ха§єа•Аа§В а§Іа•Ва§™ а§Ха§єа•Аа§В а§Ыа§Ња§ѓа§Њ,cultural_reference,Wiktionary,Wiktionary contributors,,,,God works in mysterious ways,,,,B1,common,0.70,https://en.wiktionary.org/wiki/%E0%A4%88%E0%A4%B6%E0%A5%8D%E0%A4%B5%E0%A4%B0_%E0%A4%95%E0%A5%80_%E0%A4%AE%E0%A4%BE%E0%A4%AF%E0%A4%BE_%E0%A4%95%E0%A4%B9%E0%A5%80%E0%A4%82_%E0%A4%A7%E0%A5%82%E0%A4%AA_%E0%A4%95%E0%A4%B9%E0%A5%80%E0%A4%82_%E0%A4%9B%E0%A4%BE%E0%A4%AF%E0%A4%BE,CC-BY-SA-4.0,,hi_wiktionary_idioms,Auto-imported from Wiktionary. Verify explanation and surface_patterns before promotion.
hi,а§Иа§ґа•На§µа§∞ а§Ьа§Ња§®а•З,,,а§Иа§ґа•На§µа§∞ а§Ьа§Ња§®а•З,cultural_reference,Wiktionary,Wiktionary contributors,,,,I don't know; God knows,,,,B1,common,0.70,https://en.wiktionary.org/wiki/%E0%A4%88%E0%A4%B6%E0%A5%8D%E0%A4%B5%E0%A4%B0_%E0%A4%9C%E0%A4%BE%E0%A4%A8%E0%A5%87,CC-BY-SA-4.0,,hi_wiktionary_idioms,Auto-imported from Wiktionary. Verify explanation and surface_patterns before promotion.
hi,а§Йа§°а§Ља§§а•А а§Ъа§ња§°а§Ља§ња§ѓа§Њ а§Ха•З а§™а§∞ а§™а§єа§Ъа§Ња§®а§®а§Њ,,,а§Йа§°а§Ља§§а•А а§Ъа§ња§°а§Ља§ња§ѓа§Њ а§Ха•З а§™а§∞ а§™а§єа§Ъа§Ња§®а§®а§Њ,cultural_reference,Wiktionary,Wiktionary contributors,,,,to make a sharp observation,,,,B1,common,0.70,https://en.wiktionary.org/wiki/%E0%A4%89%E0%A4%A1%E0%A4%BC%E0%A4%A4%E0%A5%80_%E0%A4%9A%E0%A4%BF%E0%A4%A1%E0%A4%BC%E0%A4%BF%E0%A4%AF%E0%A4%BE_%E0%A4%95%E0%A5%87_%E0%A4%AA%E0%A4%B0_%E0%A4%AA%E0%A4%B9%E0%A4%9A%E0%A4%BE%E0%A4%A8%E0%A4%A8%E0%A4%BE,CC-BY-SA-4.0,,hi_wiktionary_idioms,Auto-imported from Wiktionary. Verify explanation and surface_patterns before promotion.
hi,а§Йа§≤а•На§Яа§Њ а§Ъа•Ла§∞ а§Ха•Ла§§а§µа§Ња§≤ а§Ха•Л а§°а§Ња§Ва§Яа•З,,,а§Йа§≤а•На§Яа§Њ а§Ъа•Ла§∞ а§Ха•Ла§§а§µа§Ња§≤ а§Ха•Л а§°а§Ња§Ва§Яа•З,cultural_reference,Wiktionary,Wiktionary contributors,,,,the pot calls the kettle black,,,,B1,common,0.70,https://en.wiktionary.org/wiki/%E0%A4%89%E0%A4%B2%E0%A5%8D%E0%A4%9F%E0%A4%BE_%E0%A4%9A%E0%A5%8B%E0%A4%B0_%E0%A4%95%E0%A5%8B%E0%A4%A4%E0%A4%B5%E0%A4%BE%E0%A4%B2_%E0%A4%95%E0%A5%8B_%E0%A4%A1%E0%A4%BE%E0%A4%82%E0%A4%9F%E0%A5%87,CC-BY-SA-4.0,,hi_wiktionary_idioms,Auto-imported from Wiktionary. Verify explanation and surface_patterns before promotion.
hi,а§Йа§≤а•На§≤а•В а§Ха§Њ а§™а§Яа•На§†а§Њ,,,а§Йа§≤а•На§≤а•В а§Ха§Њ а§™а§Яа•На§†а§Њ,cultural_reference,Wiktionary,Wiktionary contributors,,,,"an idiot, moron, dunderhead",,,,B1,common,0.70,https://en.wiktionary.org/wiki/%E0%A4%89%E0%A4%B2%E0%A5%8D%E0%A4%B2%E0%A5%82_%E0%A4%95%E0%A4%BE_%E0%A4%AA%E0%A4%9F%E0%A5%8D%E0%A4%A0%E0%A4%BE,CC-BY-SA-4.0,,hi_wiktionary_idioms,Auto-imported from Wiktionary. Verify explanation and surface_patterns before promotion.
hi,а§Йа§≤а•На§≤а•В а§ђа§®а§Ња§®а§Њ,,,а§Йа§≤а•На§≤а•В а§ђа§®а§Ња§®а§Њ,cultural_reference,Wiktionary,Wiktionary contributors,,,,"to make a fool of, to prank",,,,B1,common,0.70,https://en.wiktionary.org/wiki/%E0%A4%89%E0%A4%B2%E0%A5%8D%E0%A4%B2%E0%A5%82_%E0%A4%AC%E0%A4%A8%E0%A4%BE%E0%A4%A8%E0%A4%BE,CC-BY-SA-4.0,,hi_wiktionary_idioms,Auto-imported from Wiktionary. Verify explanation and surface_patterns before promotion.
hi,а§Па§Х а§¶а•Ва§Ьа•З а§Ха•З а§µа§Ња§Єа•На§§а•З,,,а§Па§Х а§¶а•Ва§Ьа•З а§Ха•З а§µа§Ња§Єа•На§§а•З,cultural_reference,Wiktionary,Wiktionary contributors,,,,made for each other,,,,B1,common,0.70,https://en.wiktionary.org/wiki/%E0%A4%8F%E0%A4%95_%E0%A4%A6%E0%A5%82%E0%A4%9C%E0%A5%87_%E0%A4%95%E0%A5%87_%E0%A4%B5%E0%A4%BE%E0%A4%B8%E0%A5%8D%E0%A4%A4%E0%A5%87,CC-BY-SA-4.0,,hi_wiktionary_idioms,Auto-imported from Wiktionary. Verify explanation and surface_patterns before promotion.
hi,а§Па§Х а§™а§Ва§• а§¶а•Л а§Ха§Ња§Ь,,,а§Па§Х а§™а§Ва§• а§¶а•Л а§Ха§Ња§Ь,cultural_reference,Wiktionary,Wiktionary contributors,,,,to accomplish two things with a single effort; kill two birds with one stone,,,,B1,common,0.70,https://en.wiktionary.org/wiki/%E0%A4%8F%E0%A4%95_%E0%A4%AA%E0%A4%82%E0%A4%A5_%E0%A4%A6%E0%A5%8B_%E0%A4%95%E0%A4%BE%E0%A4%9C,CC-BY-SA-4.0,,hi_wiktionary_idioms,Auto-imported from Wiktionary. Verify explanation and surface_patterns before promotion.
hi,а§Ха§Ва§Ча§Ња§≤а•А а§Ѓа•За§В а§Жа§Яа§Њ а§Ча•Аа§≤а§Њ,,,а§Ха§Ва§Ча§Ња§≤а•А а§Ѓа•За§В а§Жа§Яа§Њ а§Ча•Аа§≤а§Њ,cultural_reference,Wiktionary,Wiktionary contributors,,,,"when it rains, it pours",,,,B1,common,0.70,https://en.wiktionary.org/wiki/%E0%A4%95%E0%A4%82%E0%A4%97%E0%A4%BE%E0%A4%B2%E0%A5%80_%E0%A4%AE%E0%A5%87%E0%A4%82_%E0%A4%86%E0%A4%9F%E0%A4%BE_%E0%A4%97%E0%A5%80%E0%A4%B2%E0%A4%BE,CC-BY-SA-4.0,,hi_wiktionary_idioms,Auto-imported from Wiktionary. Verify explanation and surface_patterns before promotion.
hi,а§Ха§Ѓа§∞ а§§а•Ла§°а§Ља§®а§Њ,,,а§Ха§Ѓа§∞ а§§а•Ла§°а§Ља§®а§Њ,cultural_reference,Wiktionary,Wiktionary contributors,,,,to break the back,,,,B1,common,0.70,https://en.wiktionary.org/wiki/%E0%A4%95%E0%A4%AE%E0%A4%B0_%E0%A4%A4%E0%A5%8B%E0%A4%A1%E0%A4%BC%E0%A4%A8%E0%A4%BE,CC-BY-SA-4.0,,hi_wiktionary_idioms,Auto-imported from Wiktionary. Verify explanation and surface_patterns before promotion.
hi,а§Ха§Ња§Яа§®а§Њ,,,а§Ха§Ња§Яа§®а§Њ,cultural_reference,Wiktionary,Wiktionary contributors,,,,"to cut, slice",,,,B1,common,0.70,https://en.wiktionary.org/wiki/%E0%A4%95%E0%A4%BE%E0%A4%9F%E0%A4%A8%E0%A4%BE,CC-BY-SA-4.0,,hi_wiktionary_idioms,Auto-imported from Wiktionary. Verify explanation and surface_patterns before promotion.
hi,а§Ха§Ња§Ѓ а§Ха§Њ а§® а§Ха§Ња§Ь а§Ха§Њ а§¶а•Ба§ґа•На§Ѓа§® а§Еа§®а§Ња§Ь а§Ха§Њ,,,а§Ха§Ња§Ѓ а§Ха§Њ а§® а§Ха§Ња§Ь а§Ха§Њ а§¶а•Ба§ґа•На§Ѓа§® а§Еа§®а§Ња§Ь а§Ха§Њ,cultural_reference,Wiktionary,Wiktionary contributors,,,,good-for-nothing,,,,B1,common,0.70,https://en.wiktionary.org/wiki/%E0%A4%95%E0%A4%BE%E0%A4%AE_%E0%A4%95%E0%A4%BE_%E0%A4%A8_%E0%A4%95%E0%A4%BE%E0%A4%9C_%E0%A4%95%E0%A4%BE_%E0%A4%A6%E0%A5%81%E0%A4%B6%E0%A5%8D%E0%A4%AE%E0%A4%A8_%E0%A4%85%E0%A4%A8%E0%A4%BE%E0%A4%9C_%E0%A4%95%E0%A4%BE,CC-BY-SA-4.0,,hi_wiktionary_idioms,Auto-imported from Wiktionary. Verify explanation and surface_patterns before promotion.
hi,а§Ха§ња§Ва§§а•Б-а§™а§∞а§Ва§§а•Б,,,а§Ха§ња§Ва§§а•Б-а§™а§∞а§Ва§§а•Б,cultural_reference,Wiktionary,Wiktionary contributors,,,,ifs and buts,,,,B1,common,0.70,https://en.wiktionary.org/wiki/%E0%A4%95%E0%A4%BF%E0%A4%82%E0%A4%A4%E0%A5%81-%E0%A4%AA%E0%A4%B0%E0%A4%82%E0%A4%A4%E0%A5%81,CC-BY-SA-4.0,,hi_wiktionary_idioms,Auto-imported from Wiktionary. Verify explanation and surface_patterns before promotion.
hi,а§Ха•Ба§Ва§≠а§Ха§∞а•На§£ а§Ха•А а§®а•Аа§Ва§¶,,,а§Ха•Ба§Ва§≠а§Ха§∞а•На§£ а§Ха•А а§®а•Аа§Ва§¶,cultural_reference,Wiktionary,Wiktionary contributors,,,,long-lasting sleep without rocking,,,,B1,common,0.70,https://en.wiktionary.org/wiki/%E0%A4%95%E0%A5%81%E0%A4%82%E0%A4%AD%E0%A4%95%E0%A4%B0%E0%A5%8D%E0%A4%A3_%E0%A4%95%E0%A5%80_%E0%A4%A8%E0%A5%80%E0%A4%82%E0%A4%A6,CC-BY-SA-4.0,,hi_wiktionary_idioms,Auto-imported from Wiktionary. Verify explanation and surface_patterns before promotion.
hi,а§Ха•Ба§Па§Б а§Ха§Њ а§Ѓа•За§Ва§Ґа§Х,,,а§Ха•Ба§Па§Б а§Ха§Њ а§Ѓа•За§Ва§Ґа§Х,cultural_reference,Wiktionary,Wiktionary contributors,,,,frog in a well,,,,B1,common,0.70,https://en.wiktionary.org/wiki/%E0%A4%95%E0%A5%81%E0%A4%8F%E0%A4%81_%E0%A4%95%E0%A4%BE_%E0%A4%AE%E0%A5%87%E0%A4%82%E0%A4%A2%E0%A4%95,CC-BY-SA-4.0,,hi_wiktionary_idioms,Auto-imported from Wiktionary. Verify explanation and surface_patterns before promotion.
hi,а§Ха•З а§ђа§Ча§Ља§≤ а§Ѓа•За§В,,,а§Ха•З а§ђа§Ча§Ља§≤ а§Ѓа•За§В,cultural_reference,Wiktionary,Wiktionary contributors,,,,"near, about, around, next to",,,,B1,common,0.70,https://en.wiktionary.org/wiki/%E0%A4%95%E0%A5%87_%E0%A4%AC%E0%A4%97%E0%A4%BC%E0%A4%B2_%E0%A4%AE%E0%A5%87%E0%A4%82,CC-BY-SA-4.0,,hi_wiktionary_idioms,Auto-imported from Wiktionary. Verify explanation and surface_patterns before promotion.
hi,а§Ха•Ма§Ж а§Ъа§≤а§Њ а§єа§Ва§Є а§Ха•А а§Ъа§Ња§≤,,,а§Ха•Ма§Ж а§Ъа§≤а§Њ а§єа§Ва§Є а§Ха•А а§Ъа§Ња§≤,cultural_reference,Wiktionary,Wiktionary contributors,,,,to try to be something one is not and lose one's own identity,,,,B1,common,0.70,https://en.wiktionary.org/wiki/%E0%A4%95%E0%A5%8C%E0%A4%86_%E0%A4%9A%E0%A4%B2%E0%A4%BE_%E0%A4%B9%E0%A4%82%E0%A4%B8_%E0%A4%95%E0%A5%80_%E0%A4%9A%E0%A4%BE%E0%A4%B2,CC-BY-SA-4.0,,hi_wiktionary_idioms,Auto-imported from Wiktionary. Verify explanation and surface_patterns before promotion.
hi,а§Ха•Ма§°а§Ља•А а§Ха•Л а§§а§Ва§Ч,,,а§Ха•Ма§°а§Ља•А а§Ха•Л а§§а§Ва§Ч,cultural_reference,Wiktionary,Wiktionary contributors,,,,"steeped in poverty, destitute",,,,B1,common,0.70,https://en.wiktionary.org/wiki/%E0%A4%95%E0%A5%8C%E0%A4%A1%E0%A4%BC%E0%A5%80_%E0%A4%95%E0%A5%8B_%E0%A4%A4%E0%A4%82%E0%A4%97,CC-BY-SA-4.0,,hi_wiktionary_idioms,Auto-imported from Wiktionary. Verify explanation and surface_patterns before promotion.
hi,а§Ха•На§ѓа§Њ а§Ъа§≤ а§∞а§єа§Њ а§єа•И,,,а§Ха•На§ѓа§Њ а§Ъа§≤ а§∞а§єа§Њ а§єа•И,cultural_reference,Wiktionary,Wiktionary contributors,,,,what's up; what's going on,,,,B1,common,0.70,https://en.wiktionary.org/wiki/%E0%A4%95%E0%A5%8D%E0%A4%AF%E0%A4%BE_%E0%A4%9A%E0%A4%B2_%E0%A4%B0%E0%A4%B9%E0%A4%BE_%E0%A4%B9%E0%A5%88,CC-BY-SA-4.0,,hi_wiktionary_idioms,Auto-imported from Wiktionary. Verify explanation and surface_patterns before promotion.
hi,а§Ха•На§ѓа§Њ а§Ѓа•Иа§В а§Ђа§Ља§Ња§∞а§Єа•А а§ђа•Ла§≤ а§∞а§єа§Њ а§єа•Ва§Б,,,а§Ха•На§ѓа§Њ а§Ѓа•Иа§В а§Ђа§Ља§Ња§∞а§Єа•А а§ђа•Ла§≤ а§∞а§єа§Њ а§єа•Ва§Б,cultural_reference,Wiktionary,Wiktionary contributors,,,,Is my speech incomprehensible?,,,,B1,common,0.70,https://en.wiktionary.org/wiki/%E0%A4%95%E0%A5%8D%E0%A4%AF%E0%A4%BE_%E0%A4%AE%E0%A5%88%E0%A4%82_%E0%A4%AB%E0%A4%BC%E0%A4%BE%E0%A4%B0%E0%A4%B8%E0%A5%80_%E0%A4%AC%E0%A5%8B%E0%A4%B2_%E0%A4%B0%E0%A4%B9%E0%A4%BE_%E0%A4%B9%E0%A5%82%E0%A4%81,CC-BY-SA-4.0,,hi_wiktionary_idioms,Auto-imported from Wiktionary. Verify explanation and surface_patterns before promotion.
hi,а§Ца§Яа•На§Яа•З а§Еа§Ва§Ча•Ва§∞,,,а§Ца§Яа•На§Яа•З а§Еа§Ва§Ча•Ва§∞,cultural_reference,Wiktionary,Wiktionary contributors,,,,sour grapes,,,,B1,common,0.70,https://en.wiktionary.org/wiki/%E0%A4%96%E0%A4%9F%E0%A5%8D%E0%A4%9F%E0%A5%87_%E0%A4%85%E0%A4%82%E0%A4%97%E0%A5%82%E0%A4%B0,CC-BY-SA-4.0,,hi_wiktionary_idioms,Auto-imported from Wiktionary. Verify explanation and surface_patterns before promotion.
hi,а§Ца§∞а•А а§Ца•Ла§Яа•А а§Єа•Ба§®а§Ња§®а§Њ,,,а§Ца§∞а•А а§Ца•Ла§Яа•А а§Єа•Ба§®а§Ња§®а§Њ,cultural_reference,Wiktionary,Wiktionary contributors,,,,give someone a piece of one's mind,,,,B1,common,0.70,https://en.wiktionary.org/wiki/%E0%A4%96%E0%A4%B0%E0%A5%80_%E0%A4%96%E0%A5%8B%E0%A4%9F%E0%A5%80_%E0%A4%B8%E0%A5%81%E0%A4%A8%E0%A4%BE%E0%A4%A8%E0%A4%BE,CC-BY-SA-4.0,,hi_wiktionary_idioms,Auto-imported from Wiktionary. Verify explanation and surface_patterns before promotion.
hi,а§Ца§Ља§ђа§∞ а§≤а•За§®а§Њ,,,а§Ца§Ља§ђа§∞ а§≤а•За§®а§Њ,cultural_reference,Wiktionary,Wiktionary contributors,,,,"to enquire, look into, pay heed",,,,B1,common,0.70,https://en.wiktionary.org/wiki/%E0%A4%96%E0%A4%BC%E0%A4%AC%E0%A4%B0_%E0%A4%B2%E0%A5%87%E0%A4%A8%E0%A4%BE,CC-BY-SA-4.0,,hi_wiktionary_idioms,Auto-imported from Wiktionary. Verify explanation and surface_patterns before promotion.
hi,а§Ца§Ља§ѓа§Ња§≤а•А а§™а•Ба§≤а§Ња§µ,,,а§Ца§Ља§ѓа§Ња§≤а•А а§™а•Ба§≤а§Ња§µ,cultural_reference,Wiktionary,Wiktionary contributors,,,,a pilaf (rice dish) that exists entirely in an individual's imagination,,,,B1,common,0.70,https://en.wiktionary.org/wiki/%E0%A4%96%E0%A4%BC%E0%A4%AF%E0%A4%BE%E0%A4%B2%E0%A5%80_%E0%A4%AA%E0%A5%81%E0%A4%B2%E0%A4%BE%E0%A4%B5,CC-BY-SA-4.0,,hi_wiktionary_idioms,Auto-imported from Wiktionary. Verify explanation and surface_patterns before promotion.
hi,а§Ца§Ља§Ња§≤а•А а§¶а§ња§Ѓа§Ња§Ча§Љ а§ґа•Иа§§а§Ња§® а§Ха§Њ а§Ша§∞,,,а§Ца§Ља§Ња§≤а•А а§¶а§ња§Ѓа§Ња§Ча§Љ а§ґа•Иа§§а§Ња§® а§Ха§Њ а§Ша§∞,cultural_reference,Wiktionary,Wiktionary contributors,,,,idle hands are the devil's workshop,,,,B1,common,0.70,https://en.wiktionary.org/wiki/%E0%A4%96%E0%A4%BC%E0%A4%BE%E0%A4%B2%E0%A5%80_%E0%A4%A6%E0%A4%BF%E0%A4%AE%E0%A4%BE%E0%A4%97%E0%A4%BC_%E0%A4%B6%E0%A5%88%E0%A4%A4%E0%A4%BE%E0%A4%A8_%E0%A4%95%E0%A4%BE_%E0%A4%98%E0%A4%B0,CC-BY-SA-4.0,,hi_wiktionary_idioms,Auto-imported from Wiktionary. Verify explanation and surface_patterns before promotion.
hi,а§Ца§Ља•Ва§® а§Ха§Њ а§ђа§¶а§≤а§Њ а§Ца§Ља•Ва§®,,,а§Ца§Ља•Ва§® а§Ха§Њ а§ђа§¶а§≤а§Њ а§Ца§Ља•Ва§®,cultural_reference,Wiktionary,Wiktionary contributors,,,,"eye for an eye, tit for tat",,,,B1,common,0.70,https://en.wiktionary.org/wiki/%E0%A4%96%E0%A4%BC%E0%A5%82%E0%A4%A8_%E0%A4%95%E0%A4%BE_%E0%A4%AC%E0%A4%A6%E0%A4%B2%E0%A4%BE_%E0%A4%96%E0%A4%BC%E0%A5%82%E0%A4%A8,CC-BY-SA-4.0,,hi_wiktionary_idioms,Auto-imported from Wiktionary. Verify explanation and surface_patterns before promotion.
hi,а§Ца§Ља•Ва§® а§Єа•Ва§Ца§®а§Њ,,,а§Ца§Ља•Ва§® а§Єа•Ва§Ца§®а§Њ,cultural_reference,Wiktionary,Wiktionary contributors,,,,"to feel terrified, be scared",,,,B1,common,0.70,https://en.wiktionary.org/wiki/%E0%A4%96%E0%A4%BC%E0%A5%82%E0%A4%A8_%E0%A4%B8%E0%A5%82%E0%A4%96%E0%A4%A8%E0%A4%BE,CC-BY-SA-4.0,,hi_wiktionary_idioms,Auto-imported from Wiktionary. Verify explanation and surface_patterns before promotion.
hi,а§Ца§Ња§®а§Њ,,,а§Ца§Ња§®а§Њ,cultural_reference,Wiktionary,Wiktionary contributors,,,,"food, meal",,,,B1,common,0.70,https://en.wiktionary.org/wiki/%E0%A4%96%E0%A4%BE%E0%A4%A8%E0%A4%BE,CC-BY-SA-4.0,,hi_wiktionary_idioms,Auto-imported from Wiktionary. Verify explanation and surface_patterns before promotion.
hi,а§Ца•Ба§Ьа§≤а•А,,,а§Ца•Ба§Ьа§≤а•А,cultural_reference,Wiktionary,Wiktionary contributors,,,,an itch,,,,B1,common,0.70,https://en.wiktionary.org/wiki/%E0%A4%96%E0%A5%81%E0%A4%9C%E0%A4%B2%E0%A5%80,CC-BY-SA-4.0,,hi_wiktionary_idioms,Auto-imported from Wiktionary. Verify explanation and surface_patterns before promotion.
hi,а§Ца•Ла§¶а§Њ а§™а§єа§Ња§°а§Љ а§®а§ња§Ха§≤а•А а§Ъа•Ба§єа§ња§ѓа§Њ,,,а§Ца•Ла§¶а§Њ а§™а§єа§Ња§°а§Љ а§®а§ња§Ха§≤а•А а§Ъа•Ба§єа§ња§ѓа§Њ,cultural_reference,Wiktionary,Wiktionary contributors,,,,much ado about nothing,,,,B1,common,0.70,https://en.wiktionary.org/wiki/%E0%A4%96%E0%A5%8B%E0%A4%A6%E0%A4%BE_%E0%A4%AA%E0%A4%B9%E0%A4%BE%E0%A4%A1%E0%A4%BC_%E0%A4%A8%E0%A4%BF%E0%A4%95%E0%A4%B2%E0%A5%80_%E0%A4%9A%E0%A5%81%E0%A4%B9%E0%A4%BF%E0%A4%AF%E0%A4%BE,CC-BY-SA-4.0,,hi_wiktionary_idioms,Auto-imported from Wiktionary. Verify explanation and surface_patterns before promotion.
hi,а§Ча§≤а•З а§≤а§Ча§Ња§®а§Њ,,,а§Ча§≤а•З а§≤а§Ча§Ња§®а§Њ,cultural_reference,Wiktionary,Wiktionary contributors,,,,"to hug, embrace",,,,B1,common,0.70,https://en.wiktionary.org/wiki/%E0%A4%97%E0%A4%B2%E0%A5%87_%E0%A4%B2%E0%A4%97%E0%A4%BE%E0%A4%A8%E0%A4%BE,CC-BY-SA-4.0,,hi_wiktionary_idioms,Auto-imported from Wiktionary. Verify explanation and surface_patterns before promotion.
hi,а§Ча§Ња§Ча§∞ а§Ѓа•За§В а§Єа§Ња§Ча§∞ а§≠а§∞а§®а§Њ,,,а§Ча§Ња§Ча§∞ а§Ѓа•За§В а§Єа§Ња§Ча§∞ а§≠а§∞а§®а§Њ,cultural_reference,Wiktionary,Wiktionary contributors,,,,to express much in a few words,,,,B1,common,0.70,https://en.wiktionary.org/wiki/%E0%A4%97%E0%A4%BE%E0%A4%97%E0%A4%B0_%E0%A4%AE%E0%A5%87%E0%A4%82_%E0%A4%B8%E0%A4%BE%E0%A4%97%E0%A4%B0_%E0%A4%AD%E0%A4%B0%E0%A4%A8%E0%A4%BE,CC-BY-SA-4.0,,hi_wiktionary_idioms,Auto-imported from Wiktionary. Verify explanation and surface_patterns before promotion.
hi,а§Ча•Ба§≤а§Ыа§∞а•На§∞а•З а§Йа§°а§Ља§Ња§®а§Њ,,,а§Ча•Ба§≤а§Ыа§∞а•На§∞а•З а§Йа§°а§Ља§Ња§®а§Њ,cultural_reference,Wiktionary,Wiktionary contributors,,,,"вАЬto strew flowersвАЭ: to live a high life; to give oneself to pleasure; to revel, debauch, make merry; to squander",,,,B1,common,0.70,https://en.wiktionary.org/wiki/%E0%A4%97%E0%A5%81%E0%A4%B2%E0%A4%9B%E0%A4%B0%E0%A5%8D%E0%A4%B0%E0%A5%87_%E0%A4%89%E0%A4%A1%E0%A4%BC%E0%A4%BE%E0%A4%A8%E0%A4%BE,CC-BY-SA-4.0,,hi_wiktionary_idioms,Auto-imported from Wiktionary. Verify explanation and surface_patterns before promotion.
hi,а§Ча•Ва§Ба§Ча•З а§Ха§Њ а§Ча•Ба§°а§Љ а§Ца§Ња§®а§Њ,,,а§Ча•Ва§Ба§Ча•З а§Ха§Њ а§Ча•Ба§°а§Љ а§Ца§Ња§®а§Њ,cultural_reference,Wiktionary,Wiktionary contributors,,,,to experience feelings inexpressible in words,,,,B1,common,0.70,https://en.wiktionary.org/wiki/%E0%A4%97%E0%A5%82%E0%A4%81%E0%A4%97%E0%A5%87_%E0%A4%95%E0%A4%BE_%E0%A4%97%E0%A5%81%E0%A4%A1%E0%A4%BC_%E0%A4%96%E0%A4%BE%E0%A4%A8%E0%A4%BE,CC-BY-SA-4.0,,hi_wiktionary_idioms,Auto-imported from Wiktionary. Verify explanation and surface_patterns before promotion.
hi,а§Ча•За§єа•Ва§Б а§Ха•З а§Єа§Ња§• а§Ша•Ба§® а§≠а•А а§™а§ња§Єа§§а§Њ а§єа•И,,,а§Ча•За§єа•Ва§Б а§Ха•З а§Єа§Ња§• а§Ша•Ба§® а§≠а•А а§™а§ња§Єа§§а§Њ а§єа•И,cultural_reference,Wiktionary,Wiktionary contributors,,,,innocent bystanders get hurt in a conflict,,,,B1,common,0.70,https://en.wiktionary.org/wiki/%E0%A4%97%E0%A5%87%E0%A4%B9%E0%A5%82%E0%A4%81_%E0%A4%95%E0%A5%87_%E0%A4%B8%E0%A4%BE%E0%A4%A5_%E0%A4%98%E0%A5%81%E0%A4%A8_%E0%A4%AD%E0%A5%80_%E0%A4%AA%E0%A4%BF%E0%A4%B8%E0%A4%A4%E0%A4%BE_%E0%A4%B9%E0%A5%88,CC-BY-SA-4.0,,hi_wiktionary_idioms,Auto-imported from Wiktionary. Verify explanation and surface_patterns before promotion.
hi,а§Ча•Ла§¶ а§≤а•За§®а§Њ,,,а§Ча•Ла§¶ а§≤а•За§®а§Њ,cultural_reference,Wiktionary,Wiktionary contributors,,,,"to adopt, take in",,,,B1,common,0.70,https://en.wiktionary.org/wiki/%E0%A4%97%E0%A5%8B%E0%A4%A6_%E0%A4%B2%E0%A5%87%E0%A4%A8%E0%A4%BE,CC-BY-SA-4.0,,hi_wiktionary_idioms,Auto-imported from Wiktionary. Verify explanation and surface_patterns before promotion.
hi,а§Ша§°а§Ља§ња§ѓа§Ња§≤ а§Ха•З а§Жа§Ба§Єа•В,,,а§Ша§°а§Ља§ња§ѓа§Ња§≤ а§Ха•З а§Жа§Ба§Єа•В,cultural_reference,Wiktionary,Wiktionary contributors,,,,TODO: add explanation,,,,B1,common,0.70,https://en.wiktionary.org/wiki/%E0%A4%98%E0%A4%A1%E0%A4%BC%E0%A4%BF%E0%A4%AF%E0%A4%BE%E0%A4%B2_%E0%A4%95%E0%A5%87_%E0%A4%86%E0%A4%81%E0%A4%B8%E0%A5%82,CC-BY-SA-4.0,,hi_wiktionary_idioms,Auto-imported from Wiktionary. Verify explanation and surface_patterns before promotion.
hi,а§Ша§°а§Ља§ња§ѓа§Ња§≤а•А а§Жа§Ба§Єа•В,,,а§Ша§°а§Ља§ња§ѓа§Ња§≤а•А а§Жа§Ба§Єа•В,cultural_reference,Wiktionary,Wiktionary contributors,,,,TODO: add explanation,,,,B1,common,0.70,https://en.wiktionary.org/wiki/%E0%A4%98%E0%A4%A1%E0%A4%BC%E0%A4%BF%E0%A4%AF%E0%A4%BE%E0%A4%B2%E0%A5%80_%E0%A4%86%E0%A4%81%E0%A4%B8%E0%A5%82,CC-BY-SA-4.0,,hi_wiktionary_idioms,Auto-imported from Wiktionary. Verify explanation and surface_patterns before promotion.
hi,а§Ша§∞ а§Ѓа•За§В а§®а§єа•Аа§В а§¶а§Ња§®а•З а§Еа§Ѓа•На§Ѓа§Њ а§Ъа§≤а•А а§≠а•Ба§®а§Ња§®а•З,,,а§Ша§∞ а§Ѓа•За§В а§®а§єа•Аа§В а§¶а§Ња§®а•З а§Еа§Ѓа•На§Ѓа§Њ а§Ъа§≤а•А а§≠а•Ба§®а§Ња§®а•З,cultural_reference,Wiktionary,Wiktionary contributors,,,,live beyond one's means,,,,B1,common,0.70,https://en.wiktionary.org/wiki/%E0%A4%98%E0%A4%B0_%E0%A4%AE%E0%A5%87%E0%A4%82_%E0%A4%A8%E0%A4%B9%E0%A5%80%E0%A4%82_%E0%A4%A6%E0%A4%BE%E0%A4%A8%E0%A5%87_%E0%A4%85%E0%A4%AE%E0%A5%8D%E0%A4%AE%E0%A4%BE_%E0%A4%9A%E0%A4%B2%E0%A5%80_%E0%A4%AD%E0%A5%81%E0%A4%A8%E0%A4%BE%E0%A4%A8%E0%A5%87,CC-BY-SA-4.0,,hi_wiktionary_idioms,Auto-imported from Wiktionary. Verify explanation and surface_patterns before promotion.
hi,а§Ша•А а§Ха•З а§¶а§ња§П а§Ьа§≤а§Ња§®а§Њ,,,а§Ша•А а§Ха•З а§¶а§ња§П а§Ьа§≤а§Ња§®а§Њ,cultural_reference,Wiktionary,Wiktionary contributors,,,,extravagant celebrations; to express great joy or success,,,,B1,common,0.70,https://en.wiktionary.org/wiki/%E0%A4%98%E0%A5%80_%E0%A4%95%E0%A5%87_%E0%A4%A6%E0%A4%BF%E0%A4%8F_%E0%A4%9C%E0%A4%B2%E0%A4%BE%E0%A4%A8%E0%A4%BE,CC-BY-SA-4.0,,hi_wiktionary_idioms,Auto-imported from Wiktionary. Verify explanation and surface_patterns before promotion.
hi,а§Ша•Ла§°а§Ља§Њ а§Ша§Ња§Є а§Єа•З а§ѓа§Ња§∞а•А а§Ха§∞а•З а§§а•Л а§Ца§Ња§П а§Ха•На§ѓа§Њ?,,,а§Ша•Ла§°а§Ља§Њ а§Ша§Ња§Є а§Єа•З а§ѓа§Ња§∞а•А а§Ха§∞а•З а§§а•Л а§Ца§Ња§П а§Ха•На§ѓа§Њ?,cultural_reference,Wiktionary,Wiktionary contributors,,,,think of your self-interest when making friends,,,,B1,common,0.70,https://en.wiktionary.org/wiki/%E0%A4%98%E0%A5%8B%E0%A4%A1%E0%A4%BC%E0%A4%BE_%E0%A4%98%E0%A4%BE%E0%A4%B8_%E0%A4%B8%E0%A5%87_%E0%A4%AF%E0%A4%BE%E0%A4%B0%E0%A5%80_%E0%A4%95%E0%A4%B0%E0%A5%87_%E0%A4%A4%E0%A5%8B_%E0%A4%96%E0%A4%BE%E0%A4%8F_%E0%A4%95%E0%A5%8D%E0%A4%AF%E0%A4%BE%3F,CC-BY-SA-4.0,,hi_wiktionary_idioms,Auto-imported from Wiktionary. Verify explanation and surface_patterns before promotion.
hi,а§Ша•Ла§°а§Ља•З а§ђа•За§Ъа§Ха§∞ а§Єа•Ла§®а§Њ,,,а§Ша•Ла§°а§Ља•З а§ђа•За§Ъа§Ха§∞ а§Єа•Ла§®а§Њ,cultural_reference,Wiktionary,Wiktionary contributors,,,,"to sleep peacefully, deeply or carelessly",,,,B1,common,0.70,https://en.wiktionary.org/wiki/%E0%A4%98%E0%A5%8B%E0%A4%A1%E0%A4%BC%E0%A5%87_%E0%A4%AC%E0%A5%87%E0%A4%9A%E0%A4%95%E0%A4%B0_%E0%A4%B8%E0%A5%8B%E0%A4%A8%E0%A4%BE,CC-BY-SA-4.0,,hi_wiktionary_idioms,Auto-imported from Wiktionary. Verify explanation and surface_patterns before promotion.
hi,а§Ъа§Ґа§Љ а§Ьа§Ња§®а§Њ,,,а§Ъа§Ґа§Љ а§Ьа§Ња§®а§Њ,cultural_reference,Wiktionary,Wiktionary contributors,,,,to climb up,,,,B1,common,0.70,https://en.wiktionary.org/wiki/%E0%A4%9A%E0%A4%A2%E0%A4%BC_%E0%A4%9C%E0%A4%BE%E0%A4%A8%E0%A4%BE,CC-BY-SA-4.0,,hi_wiktionary_idioms,Auto-imported from Wiktionary. Verify explanation and surface_patterns before promotion.
hi,а§Ъа§Ѓа§°а§Ља•А а§Ьа§Ња§П а§™а§∞ а§¶а§Ѓа§°а§Ља•А а§® а§Ьа§Ња§П,,,а§Ъа§Ѓа§°а§Ља•А а§Ьа§Ња§П а§™а§∞ а§¶а§Ѓа§°а§Ља•А а§® а§Ьа§Ња§П,cultural_reference,Wiktionary,Wiktionary contributors,,,,an extremely stingy person; miserly to the point of self-harm,,,,B1,common,0.70,https://en.wiktionary.org/wiki/%E0%A4%9A%E0%A4%AE%E0%A4%A1%E0%A4%BC%E0%A5%80_%E0%A4%9C%E0%A4%BE%E0%A4%8F_%E0%A4%AA%E0%A4%B0_%E0%A4%A6%E0%A4%AE%E0%A4%A1%E0%A4%BC%E0%A5%80_%E0%A4%A8_%E0%A4%9C%E0%A4%BE%E0%A4%8F,CC-BY-SA-4.0,,hi_wiktionary_idioms,Auto-imported from Wiktionary. Verify explanation and surface_patterns before promotion.
hi,а§Ъа§Ња§ѓ а§™а§Ња§®а•А,,,а§Ъа§Ња§ѓ а§™а§Ња§®а•А,cultural_reference,Wiktionary,Wiktionary contributors,,,,bribe,,,,B1,common,0.70,https://en.wiktionary.org/wiki/%E0%A4%9A%E0%A4%BE%E0%A4%AF_%E0%A4%AA%E0%A4%BE%E0%A4%A8%E0%A5%80,CC-BY-SA-4.0,,hi_wiktionary_idioms,Auto-imported from Wiktionary. Verify explanation and surface_patterns before promotion.
hi,а§Ъа§Ња§∞ а§¶а§ња§® а§Ха•А а§Ъа§Ња§Ба§¶а§®а•А а§Ђа§ња§∞ а§Еа§Ба§Іа•За§∞а•А а§∞а§Ња§§,,,а§Ъа§Ња§∞ а§¶а§ња§® а§Ха•А а§Ъа§Ња§Ба§¶а§®а•А а§Ђа§ња§∞ а§Еа§Ба§Іа•За§∞а•А а§∞а§Ња§§,cultural_reference,Wiktionary,Wiktionary contributors,,,,all good things come to an end,,,,B1,common,0.70,https://en.wiktionary.org/wiki/%E0%A4%9A%E0%A4%BE%E0%A4%B0_%E0%A4%A6%E0%A4%BF%E0%A4%A8_%E0%A4%95%E0%A5%80_%E0%A4%9A%E0%A4%BE%E0%A4%81%E0%A4%A6%E0%A4%A8%E0%A5%80_%E0%A4%AB%E0%A4%BF%E0%A4%B0_%E0%A4%85%E0%A4%81%E0%A4%A7%E0%A5%87%E0%A4%B0%E0%A5%80_%E0%A4%B0%E0%A4%BE%E0%A4%A4,CC-BY-SA-4.0,,hi_wiktionary_idioms,Auto-imported from Wiktionary. Verify explanation and surface_patterns before promotion.
hi,а§Ъа§ња§∞а§Ња§Ча§Љ а§§а§≤а•З а§Еа§Ба§Іа•За§∞а§Њ,,,а§Ъа§ња§∞а§Ња§Ча§Љ а§§а§≤а•З а§Еа§Ба§Іа•За§∞а§Њ,cultural_reference,Wiktionary,Wiktionary contributors,,,,; the cobbler's children go barefoot,,,,B1,common,0.70,https://en.wiktionary.org/wiki/%E0%A4%9A%E0%A4%BF%E0%A4%B0%E0%A4%BE%E0%A4%97%E0%A4%BC_%E0%A4%A4%E0%A4%B2%E0%A5%87_%E0%A4%85%E0%A4%81%E0%A4%A7%E0%A5%87%E0%A4%B0%E0%A4%BE,CC-BY-SA-4.0,,hi_wiktionary_idioms,Auto-imported from Wiktionary. Verify explanation and surface_patterns before promotion.
hi,а§Ъа•Ба§™ а§∞а§єа§®а§Њ,,,а§Ъа•Ба§™ а§∞а§єа§®а§Њ,cultural_reference,Wiktionary,Wiktionary contributors,,,,to remain silent,,,,B1,common,0.70,https://en.wiktionary.org/wiki/%E0%A4%9A%E0%A5%81%E0%A4%AA_%E0%A4%B0%E0%A4%B9%E0%A4%A8%E0%A4%BE,CC-BY-SA-4.0,,hi_wiktionary_idioms,Auto-imported from Wiktionary. Verify explanation and surface_patterns before promotion.
hi,а§Ъа•Ба§≤а•На§≤а•В а§≠а§∞ а§™а§Ња§®а•А а§Ѓа•За§В а§°а•Ва§ђ а§Ѓа§∞а§®а§Њ,,,а§Ъа•Ба§≤а•На§≤а•В а§≠а§∞ а§™а§Ња§®а•А а§Ѓа•За§В а§°а•Ва§ђ а§Ѓа§∞а§®а§Њ,cultural_reference,Wiktionary,Wiktionary contributors,,,,"""to die drowning in a palmful of water"" to be greatly ashamed or embarrassed; to not show one's face out of shame",,,,B1,common,0.70,https://en.wiktionary.org/wiki/%E0%A4%9A%E0%A5%81%E0%A4%B2%E0%A5%8D%E0%A4%B2%E0%A5%82_%E0%A4%AD%E0%A4%B0_%E0%A4%AA%E0%A4%BE%E0%A4%A8%E0%A5%80_%E0%A4%AE%E0%A5%87%E0%A4%82_%E0%A4%A1%E0%A5%82%E0%A4%AC_%E0%A4%AE%E0%A4%B0%E0%A4%A8%E0%A4%BE,CC-BY-SA-4.0,,hi_wiktionary_idioms,Auto-imported from Wiktionary. Verify explanation and surface_patterns before promotion.
hi,а§Ъа•Ва§§а§ња§ѓа§Њ а§Ха§Яа§®а§Њ,,,а§Ъа•Ва§§а§ња§ѓа§Њ а§Ха§Яа§®а§Њ,cultural_reference,Wiktionary,Wiktionary contributors,,,,"to be made a fool of; to be tricked, deceived or befooled",,,,B1,common,0.70,https://en.wiktionary.org/wiki/%E0%A4%9A%E0%A5%82%E0%A4%A4%E0%A4%BF%E0%A4%AF%E0%A4%BE_%E0%A4%95%E0%A4%9F%E0%A4%A8%E0%A4%BE,CC-BY-SA-4.0,,hi_wiktionary_idioms,Auto-imported from Wiktionary. Verify explanation and surface_patterns before promotion.
hi,а§Ъа•Ва§§а§ња§ѓа§Њ а§Ха§Ња§Яа§®а§Њ,,,а§Ъа•Ва§§а§ња§ѓа§Њ а§Ха§Ња§Яа§®а§Њ,cultural_reference,Wiktionary,Wiktionary contributors,,,,"to make a fool of; to trick, deceive or befool",,,,B1,common,0.70,https://en.wiktionary.org/wiki/%E0%A4%9A%E0%A5%82%E0%A4%A4%E0%A4%BF%E0%A4%AF%E0%A4%BE_%E0%A4%95%E0%A4%BE%E0%A4%9F%E0%A4%A8%E0%A4%BE,CC-BY-SA-4.0,,hi_wiktionary_idioms,Auto-imported from Wiktionary. Verify explanation and surface_patterns before promotion.
hi,а§Ъа•Ва§®а§Њ а§≤а§Ча§Ња§®а§Њ,,,а§Ъа•Ва§®а§Њ а§≤а§Ча§Ња§®а§Њ,cultural_reference,Wiktionary,Wiktionary contributors,,,,"to harm, damage, ruin; to deceive",,,,B1,common,0.70,https://en.wiktionary.org/wiki/%E0%A4%9A%E0%A5%82%E0%A4%A8%E0%A4%BE_%E0%A4%B2%E0%A4%97%E0%A4%BE%E0%A4%A8%E0%A4%BE,CC-BY-SA-4.0,,hi_wiktionary_idioms,Auto-imported from Wiktionary. Verify explanation and surface_patterns before promotion.
hi,а§Ъа•За§єа§∞а§Њ а§Йа§§а§∞а§®а§Њ,,,а§Ъа•За§єа§∞а§Њ а§Йа§§а§∞а§®а§Њ,cultural_reference,Wiktionary,Wiktionary contributors,,,,to be sad; to have a long face,,,,B1,common,0.70,https://en.wiktionary.org/wiki/%E0%A4%9A%E0%A5%87%E0%A4%B9%E0%A4%B0%E0%A4%BE_%E0%A4%89%E0%A4%A4%E0%A4%B0%E0%A4%A8%E0%A4%BE,CC-BY-SA-4.0,,hi_wiktionary_idioms,Auto-imported from Wiktionary. Verify explanation and surface_patterns before promotion.
hi,а§Ыа§§а•На§§а•Аа§Є а§Ха§Њ а§Жа§Ба§Ха§°а§Ља§Њ,,,а§Ыа§§а•На§§а•Аа§Є а§Ха§Њ а§Жа§Ба§Ха§°а§Ља§Њ,cultural_reference,Wiktionary,Wiktionary contributors,,,,conflict; opposition,,,,B1,common,0.70,https://en.wiktionary.org/wiki/%E0%A4%9B%E0%A4%A4%E0%A5%8D%E0%A4%A4%E0%A5%80%E0%A4%B8_%E0%A4%95%E0%A4%BE_%E0%A4%86%E0%A4%81%E0%A4%95%E0%A4%A1%E0%A4%BC%E0%A4%BE,CC-BY-SA-4.0,,hi_wiktionary_idioms,Auto-imported from Wiktionary. Verify explanation and surface_patterns before promotion.
hi,а§Ыа§Ња§§а•А а§Ъа•Ма§°а§Ља•А а§єа•Ла§®а§Њ,,,а§Ыа§Ња§§а•А а§Ъа•Ма§°а§Ља•А а§єа•Ла§®а§Њ,cultural_reference,Wiktionary,Wiktionary contributors,,,,to fill lungs ; to swell,,,,B1,common,0.70,https://en.wiktionary.org/wiki/%E0%A4%9B%E0%A4%BE%E0%A4%A4%E0%A5%80_%E0%A4%9A%E0%A5%8C%E0%A4%A1%E0%A4%BC%E0%A5%80_%E0%A4%B9%E0%A5%8B%E0%A4%A8%E0%A4%BE,CC-BY-SA-4.0,,hi_wiktionary_idioms,Auto-imported from Wiktionary. Verify explanation and surface_patterns before promotion.
hi,а§Ыа§Ња§§а•А а§Ђа•Ва§≤а§®а§Њ,,,а§Ыа§Ња§§а•А а§Ђа•Ва§≤а§®а§Њ,cultural_reference,Wiktionary,Wiktionary contributors,,,,to fill lungs ; to swell up,,,,B1,common,0.70,https://en.wiktionary.org/wiki/%E0%A4%9B%E0%A4%BE%E0%A4%A4%E0%A5%80_%E0%A4%AB%E0%A5%82%E0%A4%B2%E0%A4%A8%E0%A4%BE,CC-BY-SA-4.0,,hi_wiktionary_idioms,Auto-imported from Wiktionary. Verify explanation and surface_patterns before promotion.
hi,а§Ьа§≤-а§•а§≤ а§Па§Х а§єа•Ла§®а§Њ,,,а§Ьа§≤-а§•а§≤ а§Па§Х а§єа•Ла§®а§Њ,cultural_reference,Wiktionary,Wiktionary contributors,,,,of land to be submerged under water; of a deluge to set in,,,,B1,common,0.70,https://en.wiktionary.org/wiki/%E0%A4%9C%E0%A4%B2-%E0%A4%A5%E0%A4%B2_%E0%A4%8F%E0%A4%95_%E0%A4%B9%E0%A5%8B%E0%A4%A8%E0%A4%BE,CC-BY-SA-4.0,,hi_wiktionary_idioms,Auto-imported from Wiktionary. Verify explanation and surface_patterns before promotion.
hi,а§Ьа§≤а§§а•З а§Ша§∞ а§Ѓа•За§В а§єа§Ња§• а§Єа•За§Ва§Ха§®а§Њ,,,а§Ьа§≤а§§а•З а§Ша§∞ а§Ѓа•За§В а§єа§Ња§• а§Єа•За§Ва§Ха§®а§Њ,cultural_reference,Wiktionary,Wiktionary contributors,,,,to take advantage of another's misfortune,,,,B1,common,0.70,https://en.wiktionary.org/wiki/%E0%A4%9C%E0%A4%B2%E0%A4%A4%E0%A5%87_%E0%A4%98%E0%A4%B0_%E0%A4%AE%E0%A5%87%E0%A4%82_%E0%A4%B9%E0%A4%BE%E0%A4%A5_%E0%A4%B8%E0%A5%87%E0%A4%82%E0%A4%95%E0%A4%A8%E0%A4%BE,CC-BY-SA-4.0,,hi_wiktionary_idioms,Auto-imported from Wiktionary. Verify explanation and surface_patterns before promotion.
hi,а§Ьа§≤а§®,,,а§Ьа§≤а§®,cultural_reference,Wiktionary,Wiktionary contributors,,,,burning feeling,,,,B1,common,0.70,https://en.wiktionary.org/wiki/%E0%A4%9C%E0%A4%B2%E0%A4%A8,CC-BY-SA-4.0,,hi_wiktionary_idioms,Auto-imported from Wiktionary. Verify explanation and surface_patterns before promotion.
hi,а§Ьа§≤а•З а§™а§∞ а§®а§Ѓа§Х а§Ыа§ња§°а§Ља§Ха§®а§Њ,,,а§Ьа§≤а•З а§™а§∞ а§®а§Ѓа§Х а§Ыа§ња§°а§Ља§Ха§®а§Њ,cultural_reference,Wiktionary,Wiktionary contributors,,,,to rub salt in the wound,,,,B1,common,0.70,https://en.wiktionary.org/wiki/%E0%A4%9C%E0%A4%B2%E0%A5%87_%E0%A4%AA%E0%A4%B0_%E0%A4%A8%E0%A4%AE%E0%A4%95_%E0%A4%9B%E0%A4%BF%E0%A4%A1%E0%A4%BC%E0%A4%95%E0%A4%A8%E0%A4%BE,CC-BY-SA-4.0,,hi_wiktionary_idioms,Auto-imported from Wiktionary. Verify explanation and surface_patterns before promotion.
hi,а§Ьа§єа§Ња§Б а§Ъа§Ња§є а§µа§єа§Ња§Б а§∞а§Ња§є,,,а§Ьа§єа§Ња§Б а§Ъа§Ња§є а§µа§єа§Ња§Б а§∞а§Ња§є,cultural_reference,Wiktionary,Wiktionary contributors,,,,"where there's a will, there's a way",,,,B1,common,0.70,https://en.wiktionary.org/wiki/%E0%A4%9C%E0%A4%B9%E0%A4%BE%E0%A4%81_%E0%A4%9A%E0%A4%BE%E0%A4%B9_%E0%A4%B5%E0%A4%B9%E0%A4%BE%E0%A4%81_%E0%A4%B0%E0%A4%BE%E0%A4%B9,CC-BY-SA-4.0,,hi_wiktionary_idioms,Auto-imported from Wiktionary. Verify explanation and surface_patterns before promotion.
hi,а§Ьа§Ња§Ч а§Ьа§Ња§®а§Њ,,,а§Ьа§Ња§Ч а§Ьа§Ња§®а§Њ,cultural_reference,Wiktionary,Wiktionary contributors,,,,"to wake up, to awaken",,,,B1,common,0.70,https://en.wiktionary.org/wiki/%E0%A4%9C%E0%A4%BE%E0%A4%97_%E0%A4%9C%E0%A4%BE%E0%A4%A8%E0%A4%BE,CC-BY-SA-4.0,,hi_wiktionary_idioms,Auto-imported from Wiktionary. Verify explanation and surface_patterns before promotion.
hi,а§Ьа§Ња§Ча•Га§§ а§єа•Л а§Ьа§Ња§®а§Њ,,,а§Ьа§Ња§Ча•Га§§ а§єа•Л а§Ьа§Ња§®а§Њ,cultural_reference,Wiktionary,Wiktionary contributors,,,,"to wake up, to awaken",,,,B1,common,0.70,https://en.wiktionary.org/wiki/%E0%A4%9C%E0%A4%BE%E0%A4%97%E0%A5%83%E0%A4%A4_%E0%A4%B9%E0%A5%8B_%E0%A4%9C%E0%A4%BE%E0%A4%A8%E0%A4%BE,CC-BY-SA-4.0,,hi_wiktionary_idioms,Auto-imported from Wiktionary. Verify explanation and surface_patterns before promotion.
hi,а§Ьа§Ња§Ча•Га§§ а§єа•Ла§®а§Њ,,,а§Ьа§Ња§Ча•Га§§ а§єа•Ла§®а§Њ,cultural_reference,Wiktionary,Wiktionary contributors,,,,"to wake up, to awaken",,,,B1,common,0.70,https://en.wiktionary.org/wiki/%E0%A4%9C%E0%A4%BE%E0%A4%97%E0%A5%83%E0%A4%A4_%E0%A4%B9%E0%A5%8B%E0%A4%A8%E0%A4%BE,CC-BY-SA-4.0,,hi_wiktionary_idioms,Auto-imported from Wiktionary. Verify explanation and surface_patterns before promotion.
hi,а§Ьа§Ња§® а§єа•И а§§а•Л а§Ьа§єа§Ња§® а§єа•И,,,а§Ьа§Ња§® а§єа•И а§§а•Л а§Ьа§єа§Ња§® а§єа•И,cultural_reference,Wiktionary,Wiktionary contributors,,,,"if there's life, then there's the world; where there is a will",,,,B1,common,0.70,https://en.wiktionary.org/wiki/%E0%A4%9C%E0%A4%BE%E0%A4%A8_%E0%A4%B9%E0%A5%88_%E0%A4%A4%E0%A5%8B_%E0%A4%9C%E0%A4%B9%E0%A4%BE%E0%A4%A8_%E0%A4%B9%E0%A5%88,CC-BY-SA-4.0,,hi_wiktionary_idioms,Auto-imported from Wiktionary. Verify explanation and surface_patterns before promotion.
hi,а§Ьа§ња§Ча§∞ а§Ха§Њ а§Яа•Ба§Ха§°а§Ља§Њ,,,а§Ьа§ња§Ча§∞ а§Ха§Њ а§Яа•Ба§Ха§°а§Ља§Њ,cultural_reference,Wiktionary,Wiktionary contributors,,,,most loved person,,,,B1,common,0.70,https://en.wiktionary.org/wiki/%E0%A4%9C%E0%A4%BF%E0%A4%97%E0%A4%B0_%E0%A4%95%E0%A4%BE_%E0%A4%9F%E0%A5%81%E0%A4%95%E0%A4%A1%E0%A4%BC%E0%A4%BE,CC-BY-SA-4.0,,hi_wiktionary_idioms,Auto-imported from Wiktionary. Verify explanation and surface_patterns before promotion.
hi,а§Ьа§ња§Є а§•а§Ња§≤а•А а§Ѓа•За§В а§Ца§Ња§®а§Њ а§Йа§Єа•А а§Ѓа•За§В а§Ыа•За§¶ а§Ха§∞а§®а§Њ,,,а§Ьа§ња§Є а§•а§Ња§≤а•А а§Ѓа•За§В а§Ца§Ња§®а§Њ а§Йа§Єа•А а§Ѓа•За§В а§Ыа•За§¶ а§Ха§∞а§®а§Њ,cultural_reference,Wiktionary,Wiktionary contributors,,,,to betray or harm those who support or help you; bite the hand that feeds one,,,,B1,common,0.70,https://en.wiktionary.org/wiki/%E0%A4%9C%E0%A4%BF%E0%A4%B8_%E0%A4%A5%E0%A4%BE%E0%A4%B2%E0%A5%80_%E0%A4%AE%E0%A5%87%E0%A4%82_%E0%A4%96%E0%A4%BE%E0%A4%A8%E0%A4%BE_%E0%A4%89%E0%A4%B8%E0%A5%80_%E0%A4%AE%E0%A5%87%E0%A4%82_%E0%A4%9B%E0%A5%87%E0%A4%A6_%E0%A4%95%E0%A4%B0%E0%A4%A8%E0%A4%BE,CC-BY-SA-4.0,,hi_wiktionary_idioms,Auto-imported from Wiktionary. Verify explanation and surface_patterns before promotion.
hi,а§Ьа•Иа§Єа§Њ а§Ха§њ а§Ѓа•Иа§В а§Ха§є а§∞а§єа§Њ а§•а§Њ,,,а§Ьа•Иа§Єа§Њ а§Ха§њ а§Ѓа•Иа§В а§Ха§є а§∞а§єа§Њ а§•а§Њ,cultural_reference,Wiktionary,Wiktionary contributors,,,,as I was saying вАХ,,,,B1,common,0.70,https://en.wiktionary.org/wiki/%E0%A4%9C%E0%A5%88%E0%A4%B8%E0%A4%BE_%E0%A4%95%E0%A4%BF_%E0%A4%AE%E0%A5%88%E0%A4%82_%E0%A4%95%E0%A4%B9_%E0%A4%B0%E0%A4%B9%E0%A4%BE_%E0%A4%A5%E0%A4%BE,CC-BY-SA-4.0,,hi_wiktionary_idioms,Auto-imported from Wiktionary. Verify explanation and surface_patterns before promotion.
hi,а§Ьа•Иа§Єа§Њ а§¶а•За§Є а§µа•Иа§Єа§Њ а§≠а•За§Є,,,а§Ьа•Иа§Єа§Њ а§¶а•За§Є а§µа•Иа§Єа§Њ а§≠а•За§Є,cultural_reference,Wiktionary,Wiktionary contributors,,,,"when in Rome, do as the Romans do",,,,B1,common,0.70,https://en.wiktionary.org/wiki/%E0%A4%9C%E0%A5%88%E0%A4%B8%E0%A4%BE_%E0%A4%A6%E0%A5%87%E0%A4%B8_%E0%A4%B5%E0%A5%88%E0%A4%B8%E0%A4%BE_%E0%A4%AD%E0%A5%87%E0%A4%B8,CC-BY-SA-4.0,,hi_wiktionary_idioms,Auto-imported from Wiktionary. Verify explanation and surface_patterns before promotion.
hi,а§Ьа•Иа§Єа•А а§Ха§∞а§®а•А а§µа•Иа§Єа•А а§≠а§∞а§®а•А,,,а§Ьа•Иа§Єа•А а§Ха§∞а§®а•А а§µа•Иа§Єа•А а§≠а§∞а§®а•А,cultural_reference,Wiktionary,Wiktionary contributors,,,,"as you sow, so shall you reap",,,,B1,common,0.70,https://en.wiktionary.org/wiki/%E0%A4%9C%E0%A5%88%E0%A4%B8%E0%A5%80_%E0%A4%95%E0%A4%B0%E0%A4%A8%E0%A5%80_%E0%A4%B5%E0%A5%88%E0%A4%B8%E0%A5%80_%E0%A4%AD%E0%A4%B0%E0%A4%A8%E0%A5%80,CC-BY-SA-4.0,,hi_wiktionary_idioms,Auto-imported from Wiktionary. Verify explanation and surface_patterns before promotion.
hi,а§Ьа•Л а§Ча§∞а§Ьа§§а•З а§єа•Иа§В а§µа•Л а§ђа§∞а§Єа§§а•З а§®а§єа•Аа§В,,,а§Ьа•Л а§Ча§∞а§Ьа§§а•З а§єа•Иа§В а§µа•Л а§ђа§∞а§Єа§§а•З а§®а§єа•Аа§В,cultural_reference,Wiktionary,Wiktionary contributors,,,,barking dogs seldom bite,,,,B1,common,0.70,https://en.wiktionary.org/wiki/%E0%A4%9C%E0%A5%8B_%E0%A4%97%E0%A4%B0%E0%A4%9C%E0%A4%A4%E0%A5%87_%E0%A4%B9%E0%A5%88%E0%A4%82_%E0%A4%B5%E0%A5%8B_%E0%A4%AC%E0%A4%B0%E0%A4%B8%E0%A4%A4%E0%A5%87_%E0%A4%A8%E0%A4%B9%E0%A5%80%E0%A4%82,CC-BY-SA-4.0,,hi_wiktionary_idioms,Auto-imported from Wiktionary. Verify explanation and surface_patterns before promotion.
hi,а§†а§ња§Ха§Ња§®а•З а§≤а§Ча§Ња§®а§Њ,,,а§†а§ња§Ха§Ња§®а•З а§≤а§Ча§Ња§®а§Њ,cultural_reference,Wiktionary,Wiktionary contributors,,,,"to establish, set up, provide the necessities",,,,B1,common,0.70,https://en.wiktionary.org/wiki/%E0%A4%A0%E0%A4%BF%E0%A4%95%E0%A4%BE%E0%A4%A8%E0%A5%87_%E0%A4%B2%E0%A4%97%E0%A4%BE%E0%A4%A8%E0%A4%BE,CC-BY-SA-4.0,,hi_wiktionary_idioms,Auto-imported from Wiktionary. Verify explanation and surface_patterns before promotion.
hi,а§°а•Ва§ђа§§а•З а§Ха•Л а§§а§ња§®а§Ха•З а§Ха§Њ а§Єа§єа§Ња§∞а§Њ,,,а§°а•Ва§ђа§§а•З а§Ха•Л а§§а§ња§®а§Ха•З а§Ха§Њ а§Єа§єа§Ња§∞а§Њ,cultural_reference,Wiktionary,Wiktionary contributors,,,,even the smallest help feels significant in desperate situations; a glimmer of hope in despair,,,,B1,common,0.70,https://en.wiktionary.org/wiki/%E0%A4%A1%E0%A5%82%E0%A4%AC%E0%A4%A4%E0%A5%87_%E0%A4%95%E0%A5%8B_%E0%A4%A4%E0%A4%BF%E0%A4%A8%E0%A4%95%E0%A5%87_%E0%A4%95%E0%A4%BE_%E0%A4%B8%E0%A4%B9%E0%A4%BE%E0%A4%B0%E0%A4%BE,CC-BY-SA-4.0,,hi_wiktionary_idioms,Auto-imported from Wiktionary. Verify explanation and surface_patterns before promotion.
hi,а§Ґа§™а•Ла§∞ а§ґа§Ва§Ц,,,а§Ґа§™а•Ла§∞ а§ґа§Ва§Ц,cultural_reference,Wiktionary,Wiktionary contributors,,,,"""talkative conch"", a magical conch shell from an Indian folk tale that, in contrast to another conch shell that grants wishes, instead continuously tells the wisher to ask for something bigger than what they are currently asking for, but never delivers.",,,,B1,common,0.70,https://en.wiktionary.org/wiki/%E0%A4%A2%E0%A4%AA%E0%A5%8B%E0%A4%B0_%E0%A4%B6%E0%A4%82%E0%A4%96,CC-BY-SA-4.0,,hi_wiktionary_idioms,Auto-imported from Wiktionary. Verify explanation and surface_patterns before promotion.
hi,а§§а•Ба§Ха•На§Ха§Њ,,,а§§а•Ба§Ха•На§Ха§Њ,cultural_reference,Wiktionary,Wiktionary contributors,,,,headless arrow,,,,B1,common,0.70,https://en.wiktionary.org/wiki/%E0%A4%A4%E0%A5%81%E0%A4%95%E0%A5%8D%E0%A4%95%E0%A4%BE,CC-BY-SA-4.0,,hi_wiktionary_idioms,Auto-imported from Wiktionary. Verify explanation and surface_patterns before promotion.
hi,а§§а•Ба§Ча§Ља§≤а§Ха§Љ,,,а§§а•Ба§Ча§Ља§≤а§Ха§Љ,cultural_reference,Wiktionary,Wiktionary contributors,,,,"the  of the , reigning 1320вАФ1413",,,,B1,common,0.70,https://en.wiktionary.org/wiki/%E0%A4%A4%E0%A5%81%E0%A4%97%E0%A4%BC%E0%A4%B2%E0%A4%95%E0%A4%BC,CC-BY-SA-4.0,,hi_wiktionary_idioms,Auto-imported from Wiktionary. Verify explanation and surface_patterns before promotion.
hi,а§§а•Ва§Ђа§Ља§Ња§® а§Ха•З а§™а§єа§≤а•З а§Ха•А а§ґа§Ња§Ва§§а§њ,,,а§§а•Ва§Ђа§Ља§Ња§® а§Ха•З а§™а§єа§≤а•З а§Ха•А а§ґа§Ња§Ва§§а§њ,cultural_reference,Wiktionary,Wiktionary contributors,,,,calm before the storm,,,,B1,common,0.70,https://en.wiktionary.org/wiki/%E0%A4%A4%E0%A5%82%E0%A4%AB%E0%A4%BC%E0%A4%BE%E0%A4%A8_%E0%A4%95%E0%A5%87_%E0%A4%AA%E0%A4%B9%E0%A4%B2%E0%A5%87_%E0%A4%95%E0%A5%80_%E0%A4%B6%E0%A4%BE%E0%A4%82%E0%A4%A4%E0%A4%BF,CC-BY-SA-4.0,,hi_wiktionary_idioms,Auto-imported from Wiktionary. Verify explanation and surface_patterns before promotion.
hi,а§§а•За§≤ а§≤а•За§®а•З а§Ьа§Ња§®а§Њ,,,а§§а•За§≤ а§≤а•За§®а•З а§Ьа§Ња§®а§Њ,cultural_reference,Wiktionary,Wiktionary contributors,,,,to leave with a remote chance of returning,,,,B1,common,0.70,https://en.wiktionary.org/wiki/%E0%A4%A4%E0%A5%87%E0%A4%B2_%E0%A4%B2%E0%A5%87%E0%A4%A8%E0%A5%87_%E0%A4%9C%E0%A4%BE%E0%A4%A8%E0%A4%BE,CC-BY-SA-4.0,,hi_wiktionary_idioms,Auto-imported from Wiktionary. Verify explanation and surface_patterns before promotion.
hi,а§•а§Ха§Ха§∞ а§ђа•Иа§† а§Ьа§Ња§®а§Њ,,,а§•а§Ха§Ха§∞ а§ђа•Иа§† а§Ьа§Ња§®а§Њ,cultural_reference,Wiktionary,Wiktionary contributors,,,,to give up,,,,B1,common,0.70,https://en.wiktionary.org/wiki/%E0%A4%A5%E0%A4%95%E0%A4%95%E0%A4%B0_%E0%A4%AC%E0%A5%88%E0%A4%A0_%E0%A4%9C%E0%A4%BE%E0%A4%A8%E0%A4%BE,CC-BY-SA-4.0,,hi_wiktionary_idioms,Auto-imported from Wiktionary. Verify explanation and surface_patterns before promotion.
hi,а§•а§Ња§≤а•А а§Ха§Њ а§ђа•Иа§Ча§® а§єа•Ла§®а§Њ,,,а§•а§Ња§≤а•А а§Ха§Њ а§ђа•Иа§Ча§® а§єа•Ла§®а§Њ,cultural_reference,Wiktionary,Wiktionary contributors,,,,to be fickle or easily influenced; to keep switching sides,,,,B1,common,0.70,https://en.wiktionary.org/wiki/%E0%A4%A5%E0%A4%BE%E0%A4%B2%E0%A5%80_%E0%A4%95%E0%A4%BE_%E0%A4%AC%E0%A5%88%E0%A4%97%E0%A4%A8_%E0%A4%B9%E0%A5%8B%E0%A4%A8%E0%A4%BE,CC-BY-SA-4.0,,hi_wiktionary_idioms,Auto-imported from Wiktionary. Verify explanation and surface_patterns before promotion.
hi,а§¶а§Ѓ а§§а•Ла§°а§Љ а§¶а•За§®а§Њ,,,а§¶а§Ѓ а§§а•Ла§°а§Љ а§¶а•За§®а§Њ,cultural_reference,Wiktionary,Wiktionary contributors,,,,"to die, to give up one's life",,,,B1,common,0.70,https://en.wiktionary.org/wiki/%E0%A4%A6%E0%A4%AE_%E0%A4%A4%E0%A5%8B%E0%A4%A1%E0%A4%BC_%E0%A4%A6%E0%A5%87%E0%A4%A8%E0%A4%BE,CC-BY-SA-4.0,,hi_wiktionary_idioms,Auto-imported from Wiktionary. Verify explanation and surface_patterns before promotion.
hi,а§¶а§Ѓ а§¶а•За§®а§Њ,,,а§¶а§Ѓ а§¶а•За§®а§Њ,cultural_reference,Wiktionary,Wiktionary contributors,,,,to give up one's life; to die,,,,B1,common,0.70,https://en.wiktionary.org/wiki/%E0%A4%A6%E0%A4%AE_%E0%A4%A6%E0%A5%87%E0%A4%A8%E0%A4%BE,CC-BY-SA-4.0,,hi_wiktionary_idioms,Auto-imported from Wiktionary. Verify explanation and surface_patterns before promotion.
hi,а§¶а§Ѓ а§®а§Ња§Х а§Ѓа•За§В а§Жа§®а§Њ,,,а§¶а§Ѓ а§®а§Ња§Х а§Ѓа•За§В а§Жа§®а§Њ,cultural_reference,Wiktionary,Wiktionary contributors,,,,to be very distressed,,,,B1,common,0.70,https://en.wiktionary.org/wiki/%E0%A4%A6%E0%A4%AE_%E0%A4%A8%E0%A4%BE%E0%A4%95_%E0%A4%AE%E0%A5%87%E0%A4%82_%E0%A4%86%E0%A4%A8%E0%A4%BE,CC-BY-SA-4.0,,hi_wiktionary_idioms,Auto-imported from Wiktionary. Verify explanation and surface_patterns before promotion.
hi,а§¶а§Ња§≤ а§Ѓа•За§В а§Ха•Ба§Ы а§Ха§Ња§≤а§Њ а§єа•Ла§®а§Њ,,,а§¶а§Ња§≤ а§Ѓа•За§В а§Ха•Ба§Ы а§Ха§Ња§≤а§Њ а§єа•Ла§®а§Њ,cultural_reference,Wiktionary,Wiktionary contributors,,,,"for something fishy, suspicious to be happening",,,,B1,common,0.70,https://en.wiktionary.org/wiki/%E0%A4%A6%E0%A4%BE%E0%A4%B2_%E0%A4%AE%E0%A5%87%E0%A4%82_%E0%A4%95%E0%A5%81%E0%A4%9B_%E0%A4%95%E0%A4%BE%E0%A4%B2%E0%A4%BE_%E0%A4%B9%E0%A5%8B%E0%A4%A8%E0%A4%BE,CC-BY-SA-4.0,,hi_wiktionary_idioms,Auto-imported from Wiktionary. Verify explanation and surface_patterns before promotion.
hi,а§¶а§ња§® а§Ѓа•За§В а§§а§Ња§∞а•З а§¶а•За§Ца§®а§Њ,,,а§¶а§ња§® а§Ѓа•За§В а§§а§Ња§∞а•З а§¶а•За§Ца§®а§Њ,cultural_reference,Wiktionary,Wiktionary contributors,,,,to see stars (to experience flashing lights after receiving a blow to the head),,,,B1,common,0.70,https://en.wiktionary.org/wiki/%E0%A4%A6%E0%A4%BF%E0%A4%A8_%E0%A4%AE%E0%A5%87%E0%A4%82_%E0%A4%A4%E0%A4%BE%E0%A4%B0%E0%A5%87_%E0%A4%A6%E0%A5%87%E0%A4%96%E0%A4%A8%E0%A4%BE,CC-BY-SA-4.0,,hi_wiktionary_idioms,Auto-imported from Wiktionary. Verify explanation and surface_patterns before promotion.
hi,а§¶а•Аа§ѓа•З а§§а§≤а•З а§Еа§Ба§Іа•За§∞а§Њ,,,а§¶а•Аа§ѓа•З а§§а§≤а•З а§Еа§Ба§Іа•За§∞а§Њ,cultural_reference,Wiktionary,Wiktionary contributors,,,,darkness lies under the lamp,,,,B1,common,0.70,https://en.wiktionary.org/wiki/%E0%A4%A6%E0%A5%80%E0%A4%AF%E0%A5%87_%E0%A4%A4%E0%A4%B2%E0%A5%87_%E0%A4%85%E0%A4%81%E0%A4%A7%E0%A5%87%E0%A4%B0%E0%A4%BE,CC-BY-SA-4.0,,hi_wiktionary_idioms,Auto-imported from Wiktionary. Verify explanation and surface_patterns before promotion.
hi,а§¶а•Ва§І а§Ха§Њ а§Ьа§≤а§Њ а§Ыа§Ња§Ы а§≠а•А а§Ђа•Ва§Ба§Х а§Ђа•Ва§Ба§Х а§Ха§∞ а§™а•Аа§§а§Њ а§єа•И,,,а§¶а•Ва§І а§Ха§Њ а§Ьа§≤а§Њ а§Ыа§Ња§Ы а§≠а•А а§Ђа•Ва§Ба§Х а§Ђа•Ва§Ба§Х а§Ха§∞ а§™а•Аа§§а§Њ а§єа•И,cultural_reference,Wiktionary,Wiktionary contributors,,,,"once bitten, twice shy; a person becomes overly cautious after a bad experience",,,,B1,common,0.70,https://en.wiktionary.org/wiki/%E0%A4%A6%E0%A5%82%E0%A4%A7_%E0%A4%95%E0%A4%BE_%E0%A4%9C%E0%A4%B2%E0%A4%BE_%E0%A4%9B%E0%A4%BE%E0%A4%9B_%E0%A4%AD%E0%A5%80_%E0%A4%AB%E0%A5%82%E0%A4%81%E0%A4%95_%E0%A4%AB%E0%A5%82%E0%A4%81%E0%A4%95_%E0%A4%95%E0%A4%B0_%E0%A4%AA%E0%A5%80%E0%A4%A4%E0%A4%BE_%E0%A4%B9%E0%A5%88,CC-BY-SA-4.0,,hi_wiktionary_idioms,Auto-imported from Wiktionary. Verify explanation and surface_patterns before promotion.
hi,а§¶а•Ва§І а§Ха§Њ а§¶а•Ва§І а§Фа§∞ а§™а§Ња§®а•А а§Ха§Њ а§™а§Ња§®а•А,,,а§¶а•Ва§І а§Ха§Њ а§¶а•Ва§І а§Фа§∞ а§™а§Ња§®а•А а§Ха§Њ а§™а§Ња§®а•А,cultural_reference,Wiktionary,Wiktionary contributors,,,,"crystal clear, able to be understood",,,,B1,common,0.70,https://en.wiktionary.org/wiki/%E0%A4%A6%E0%A5%82%E0%A4%A7_%E0%A4%95%E0%A4%BE_%E0%A4%A6%E0%A5%82%E0%A4%A7_%E0%A4%94%E0%A4%B0_%E0%A4%AA%E0%A4%BE%E0%A4%A8%E0%A5%80_%E0%A4%95%E0%A4%BE_%E0%A4%AA%E0%A4%BE%E0%A4%A8%E0%A5%80,CC-BY-SA-4.0,,hi_wiktionary_idioms,Auto-imported from Wiktionary. Verify explanation and surface_patterns before promotion.
hi,а§¶а•Ва§∞ а§Ха•З а§Ґа•Ла§≤ а§Єа•Ба§єа§Ња§µа§®а•З,,,а§¶а•Ва§∞ а§Ха•З а§Ґа•Ла§≤ а§Єа•Ба§єа§Ња§µа§®а•З,cultural_reference,Wiktionary,Wiktionary contributors,,,,the grass is always greener on the other side,,,,B1,common,0.70,https://en.wiktionary.org/wiki/%E0%A4%A6%E0%A5%82%E0%A4%B0_%E0%A4%95%E0%A5%87_%E0%A4%A2%E0%A5%8B%E0%A4%B2_%E0%A4%B8%E0%A5%81%E0%A4%B9%E0%A4%BE%E0%A4%B5%E0%A4%A8%E0%A5%87,CC-BY-SA-4.0,,hi_wiktionary_idioms,Auto-imported from Wiktionary. Verify explanation and surface_patterns before promotion.
hi,а§¶а•Ва§∞ а§Ха•З а§Ґа•Ла§≤ а§Єа•Ба§єа§Ња§µа§®а•З а§≤а§Ча§§а•З а§єа•Иа§В,,,а§¶а•Ва§∞ а§Ха•З а§Ґа•Ла§≤ а§Єа•Ба§єа§Ња§µа§®а•З а§≤а§Ча§§а•З а§єа•Иа§В,cultural_reference,Wiktionary,Wiktionary contributors,,,,the grass is always greener on the other side,,,,B1,common,0.70,https://en.wiktionary.org/wiki/%E0%A4%A6%E0%A5%82%E0%A4%B0_%E0%A4%95%E0%A5%87_%E0%A4%A2%E0%A5%8B%E0%A4%B2_%E0%A4%B8%E0%A5%81%E0%A4%B9%E0%A4%BE%E0%A4%B5%E0%A4%A8%E0%A5%87_%E0%A4%B2%E0%A4%97%E0%A4%A4%E0%A5%87_%E0%A4%B9%E0%A5%88%E0%A4%82,CC-BY-SA-4.0,,hi_wiktionary_idioms,Auto-imported from Wiktionary. Verify explanation and surface_patterns before promotion.
hi,а§¶а•Л а§®а§Ња§µа•Ла§В а§Ха•А а§Єа§µа§Ња§∞а•А,,,а§¶а•Л а§®а§Ња§µа•Ла§В а§Ха•А а§Єа§µа§Ња§∞а•А,cultural_reference,Wiktionary,Wiktionary contributors,,,,to try to pursue two conflicting paths at once; to be indecisive or duplicitous,,,,B1,common,0.70,https://en.wiktionary.org/wiki/%E0%A4%A6%E0%A5%8B_%E0%A4%A8%E0%A4%BE%E0%A4%B5%E0%A5%8B%E0%A4%82_%E0%A4%95%E0%A5%80_%E0%A4%B8%E0%A4%B5%E0%A4%BE%E0%A4%B0%E0%A5%80,CC-BY-SA-4.0,,hi_wiktionary_idioms,Auto-imported from Wiktionary. Verify explanation and surface_patterns before promotion.
hi,а§® а§∞а§єа•За§Ча§Њ а§ђа§Ња§Ба§Є а§® а§ђа§Ьа•За§Ча•А а§ђа§Ња§Ба§Єа•Ба§∞а•А,,,а§® а§∞а§єа•За§Ча§Њ а§ђа§Ња§Ба§Є а§® а§ђа§Ьа•За§Ча•А а§ђа§Ња§Ба§Єа•Ба§∞а•А,cultural_reference,Wiktionary,Wiktionary contributors,,,,eliminating the source of the problem rids one of the problem,,,,B1,common,0.70,https://en.wiktionary.org/wiki/%E0%A4%A8_%E0%A4%B0%E0%A4%B9%E0%A5%87%E0%A4%97%E0%A4%BE_%E0%A4%AC%E0%A4%BE%E0%A4%81%E0%A4%B8_%E0%A4%A8_%E0%A4%AC%E0%A4%9C%E0%A5%87%E0%A4%97%E0%A5%80_%E0%A4%AC%E0%A4%BE%E0%A4%81%E0%A4%B8%E0%A5%81%E0%A4%B0%E0%A5%80,CC-BY-SA-4.0,,hi_wiktionary_idioms,Auto-imported from Wiktionary. Verify explanation and surface_patterns before promotion.
hi,а§®а§Ха•На§∞а§Ња§ґа•На§∞а•Б,,,а§®а§Ха•На§∞а§Ња§ґа•На§∞а•Б,cultural_reference,Wiktionary,Wiktionary contributors,,,,crocodile tear,,,,B1,common,0.70,https://en.wiktionary.org/wiki/%E0%A4%A8%E0%A4%95%E0%A5%8D%E0%A4%B0%E0%A4%BE%E0%A4%B6%E0%A5%8D%E0%A4%B0%E0%A5%81,CC-BY-SA-4.0,,hi_wiktionary_idioms,Auto-imported from Wiktionary. Verify explanation and surface_patterns before promotion.
hi,а§®а§ѓа§Њ а§®а•М а§¶а§ња§® а§™а•Ба§∞а§Ња§®а§Њ а§Єа•М а§¶а§ња§®,,,а§®а§ѓа§Њ а§®а•М а§¶а§ња§® а§™а•Ба§∞а§Ња§®а§Њ а§Єа•М а§¶а§ња§®,cultural_reference,Wiktionary,Wiktionary contributors,,,,"novelty fades quickly, but the old or familiar lasts longer; temporary attraction vs lasting value",,,,B1,common,0.70,https://en.wiktionary.org/wiki/%E0%A4%A8%E0%A4%AF%E0%A4%BE_%E0%A4%A8%E0%A5%8C_%E0%A4%A6%E0%A4%BF%E0%A4%A8_%E0%A4%AA%E0%A5%81%E0%A4%B0%E0%A4%BE%E0%A4%A8%E0%A4%BE_%E0%A4%B8%E0%A5%8C_%E0%A4%A6%E0%A4%BF%E0%A4%A8,CC-BY-SA-4.0,,hi_wiktionary_idioms,Auto-imported from Wiktionary. Verify explanation and surface_patterns before promotion.
hi,а§®а§µа§∞а§§а•На§®,,,а§®а§µа§∞а§§а•На§®,cultural_reference,Wiktionary,Wiktionary contributors,,,,navaratna,,,,B1,common,0.70,https://en.wiktionary.org/wiki/%E0%A4%A8%E0%A4%B5%E0%A4%B0%E0%A4%A4%E0%A5%8D%E0%A4%A8,CC-BY-SA-4.0,,hi_wiktionary_idioms,Auto-imported from Wiktionary. Verify explanation and surface_patterns before promotion.
hi,а§®а§Ња§Х а§Ха§Яа§®а§Њ,,,а§®а§Ња§Х а§Ха§Яа§®а§Њ,cultural_reference,Wiktionary,Wiktionary contributors,,,,"to be disgraced, dishonored",,,,B1,common,0.70,https://en.wiktionary.org/wiki/%E0%A4%A8%E0%A4%BE%E0%A4%95_%E0%A4%95%E0%A4%9F%E0%A4%A8%E0%A4%BE,CC-BY-SA-4.0,,hi_wiktionary_idioms,Auto-imported from Wiktionary. Verify explanation and surface_patterns before promotion.
hi,а§®а§Ња§Х а§™а§∞ а§Ѓа§Ха•На§Ца•А а§® а§ђа•Иа§†а§®а•З а§¶а•За§®а§Њ,,,а§®а§Ња§Х а§™а§∞ а§Ѓа§Ха•На§Ца•А а§® а§ђа•Иа§†а§®а•З а§¶а•За§®а§Њ,cultural_reference,Wiktionary,Wiktionary contributors,,,,"to be pretentious and arrogant, to be haughty and aloof",,,,B1,common,0.70,https://en.wiktionary.org/wiki/%E0%A4%A8%E0%A4%BE%E0%A4%95_%E0%A4%AA%E0%A4%B0_%E0%A4%AE%E0%A4%95%E0%A5%8D%E0%A4%96%E0%A5%80_%E0%A4%A8_%E0%A4%AC%E0%A5%88%E0%A4%A0%E0%A4%A8%E0%A5%87_%E0%A4%A6%E0%A5%87%E0%A4%A8%E0%A4%BE,CC-BY-SA-4.0,,hi_wiktionary_idioms,Auto-imported from Wiktionary. Verify explanation and surface_patterns before promotion.
hi,а§®а§Ња§Ха•Ла§В а§Ъа§®а•З а§Ъа§ђа§µа§Ња§®а§Њ,,,а§®а§Ња§Ха•Ла§В а§Ъа§®а•З а§Ъа§ђа§µа§Ња§®а§Њ,cultural_reference,Wiktionary,Wiktionary contributors,,,,"to confuse, perplex",,,,B1,common,0.70,https://en.wiktionary.org/wiki/%E0%A4%A8%E0%A4%BE%E0%A4%95%E0%A5%8B%E0%A4%82_%E0%A4%9A%E0%A4%A8%E0%A5%87_%E0%A4%9A%E0%A4%AC%E0%A4%B5%E0%A4%BE%E0%A4%A8%E0%A4%BE,CC-BY-SA-4.0,,hi_wiktionary_idioms,Auto-imported from Wiktionary. Verify explanation and surface_patterns before promotion.
hi,а§®а§Ња§Ѓ а§Ха§Ѓа§Ња§®а§Њ,,,а§®а§Ња§Ѓ а§Ха§Ѓа§Ња§®а§Њ,cultural_reference,Wiktionary,Wiktionary contributors,,,,"to gain fame, become reputed",,,,B1,common,0.70,https://en.wiktionary.org/wiki/%E0%A4%A8%E0%A4%BE%E0%A4%AE_%E0%A4%95%E0%A4%AE%E0%A4%BE%E0%A4%A8%E0%A4%BE,CC-BY-SA-4.0,,hi_wiktionary_idioms,Auto-imported from Wiktionary. Verify explanation and surface_patterns before promotion.
hi,а§®а§Ња§Ѓ а§ђа§°а§Ља•З а§Фа§∞ а§¶а§∞а•На§ґа§® а§Ыа•Ла§Яа•З,,,а§®а§Ња§Ѓ а§ђа§°а§Ља•З а§Фа§∞ а§¶а§∞а•На§ґа§® а§Ыа•Ла§Яа•З,cultural_reference,Wiktionary,Wiktionary contributors,,,,famous or highly praised but disappointing in reality; all hype and no substance,,,,B1,common,0.70,https://en.wiktionary.org/wiki/%E0%A4%A8%E0%A4%BE%E0%A4%AE_%E0%A4%AC%E0%A4%A1%E0%A4%BC%E0%A5%87_%E0%A4%94%E0%A4%B0_%E0%A4%A6%E0%A4%B0%E0%A5%8D%E0%A4%B6%E0%A4%A8_%E0%A4%9B%E0%A5%8B%E0%A4%9F%E0%A5%87,CC-BY-SA-4.0,,hi_wiktionary_idioms,Auto-imported from Wiktionary. Verify explanation and surface_patterns before promotion.
hi,а§®а§ња§Ха§≤ а§Ьа§Ња§®а§Њ,,,а§®а§ња§Ха§≤ а§Ьа§Ња§®а§Њ,cultural_reference,Wiktionary,Wiktionary contributors,,,,"to leave, to make off",,,,B1,common,0.70,https://en.wiktionary.org/wiki/%E0%A4%A8%E0%A4%BF%E0%A4%95%E0%A4%B2_%E0%A4%9C%E0%A4%BE%E0%A4%A8%E0%A4%BE,CC-BY-SA-4.0,,hi_wiktionary_idioms,Auto-imported from Wiktionary. Verify explanation and surface_patterns before promotion.
hi,а§®а•За§Ха•А а§Фа§∞ а§™а•Ва§Ы а§™а•Ва§Ы,,,а§®а•За§Ха•А а§Фа§∞ а§™а•Ва§Ы а§™а•Ва§Ы,cultural_reference,Wiktionary,Wiktionary contributors,,,,"showing hesitation or over-politeness while doing a good deed; used when good actions should be done boldly, without unnecessary formality",,,,B1,common,0.70,https://en.wiktionary.org/wiki/%E0%A4%A8%E0%A5%87%E0%A4%95%E0%A5%80_%E0%A4%94%E0%A4%B0_%E0%A4%AA%E0%A5%82%E0%A4%9B_%E0%A4%AA%E0%A5%82%E0%A4%9B,CC-BY-SA-4.0,,hi_wiktionary_idioms,Auto-imported from Wiktionary. Verify explanation and surface_patterns before promotion.
hi,а§®а•М а§¶а•Л а§Ча•На§ѓа§Ња§∞а§є а§єа•Ла§®а§Њ,,,а§®а•М а§¶а•Л а§Ча•На§ѓа§Ња§∞а§є а§єа•Ла§®а§Њ,cultural_reference,Wiktionary,Wiktionary contributors,,,,colloq. to slip quietly away; to take to one's heels,,,,B1,common,0.70,https://en.wiktionary.org/wiki/%E0%A4%A8%E0%A5%8C_%E0%A4%A6%E0%A5%8B_%E0%A4%97%E0%A5%8D%E0%A4%AF%E0%A4%BE%E0%A4%B0%E0%A4%B9_%E0%A4%B9%E0%A5%8B%E0%A4%A8%E0%A4%BE,CC-BY-SA-4.0,,hi_wiktionary_idioms,Auto-imported from Wiktionary. Verify explanation and surface_patterns before promotion.
hi,а§™а§§а§Њ а§Ъа§≤а§®а§Њ,,,а§™а§§а§Њ а§Ъа§≤а§®а§Њ,cultural_reference,Wiktionary,Wiktionary contributors,,,,"to come to know, to find out",,,,B1,common,0.70,https://en.wiktionary.org/wiki/%E0%A4%AA%E0%A4%A4%E0%A4%BE_%E0%A4%9A%E0%A4%B2%E0%A4%A8%E0%A4%BE,CC-BY-SA-4.0,,hi_wiktionary_idioms,Auto-imported from Wiktionary. Verify explanation and surface_patterns before promotion.
hi,а§™а§≤а•На§≤а•З а§®а§єа•Аа§В а§™а§°а§Ља§®а§Њ,,,а§™а§≤а•На§≤а•З а§®а§єа•Аа§В а§™а§°а§Ља§®а§Њ,cultural_reference,Wiktionary,Wiktionary contributors,,,,to not to understand something,,,,B1,common,0.70,https://en.wiktionary.org/wiki/%E0%A4%AA%E0%A4%B2%E0%A5%8D%E0%A4%B2%E0%A5%87_%E0%A4%A8%E0%A4%B9%E0%A5%80%E0%A4%82_%E0%A4%AA%E0%A4%A1%E0%A4%BC%E0%A4%A8%E0%A4%BE,CC-BY-SA-4.0,,hi_wiktionary_idioms,Auto-imported from Wiktionary. Verify explanation and surface_patterns before promotion.
hi,а§™а§Ња§Ба§Ъа•Ла§В а§Йа§Ба§Ча§≤а§ња§ѓа§Ња§Б а§Ша•А а§Ѓа•За§В а§єа•Ла§®а§Њ,,,а§™а§Ња§Ба§Ъа•Ла§В а§Йа§Ба§Ча§≤а§ња§ѓа§Ња§Б а§Ша•А а§Ѓа•За§В а§єа•Ла§®а§Њ,cultural_reference,Wiktionary,Wiktionary contributors,,,,To have one's bread buttered on both sides,,,,B1,common,0.70,https://en.wiktionary.org/wiki/%E0%A4%AA%E0%A4%BE%E0%A4%81%E0%A4%9A%E0%A5%8B%E0%A4%82_%E0%A4%89%E0%A4%81%E0%A4%97%E0%A4%B2%E0%A4%BF%E0%A4%AF%E0%A4%BE%E0%A4%81_%E0%A4%98%E0%A5%80_%E0%A4%AE%E0%A5%87%E0%A4%82_%E0%A4%B9%E0%A5%8B%E0%A4%A8%E0%A4%BE,CC-BY-SA-4.0,,hi_wiktionary_idioms,Auto-imported from Wiktionary. Verify explanation and surface_patterns before promotion.
hi,а§™а§Ња§Ба§Ъа•Ла§В а§Йа§Ва§Ча§≤а§ња§ѓа§Ња§Б а§ђа§∞а§Ња§ђа§∞ а§®а§єа•Аа§В а§єа•Ла§§а•А,,,а§™а§Ња§Ба§Ъа•Ла§В а§Йа§Ва§Ча§≤а§ња§ѓа§Ња§Б а§ђа§∞а§Ња§ђа§∞ а§®а§єа•Аа§В а§єа•Ла§§а•А,cultural_reference,Wiktionary,Wiktionary contributors,,,,"not everyone is the same; people (or things) are naturally different in qualities, abilities, or behavior",,,,B1,common,0.70,https://en.wiktionary.org/wiki/%E0%A4%AA%E0%A4%BE%E0%A4%81%E0%A4%9A%E0%A5%8B%E0%A4%82_%E0%A4%89%E0%A4%82%E0%A4%97%E0%A4%B2%E0%A4%BF%E0%A4%AF%E0%A4%BE%E0%A4%81_%E0%A4%AC%E0%A4%B0%E0%A4%BE%E0%A4%AC%E0%A4%B0_%E0%A4%A8%E0%A4%B9%E0%A5%80%E0%A4%82_%E0%A4%B9%E0%A5%8B%E0%A4%A4%E0%A5%80,CC-BY-SA-4.0,,hi_wiktionary_idioms,Auto-imported from Wiktionary. Verify explanation and surface_patterns before promotion.
hi,а§™а•Ва§∞а§Њ а§Ха§Њ а§™а•Ва§∞а§Њ,,,а§™а•Ва§∞а§Њ а§Ха§Њ а§™а•Ва§∞а§Њ,cultural_reference,Wiktionary,Wiktionary contributors,,,,"complete, entire, whole",,,,B1,common,0.70,https://en.wiktionary.org/wiki/%E0%A4%AA%E0%A5%82%E0%A4%B0%E0%A4%BE_%E0%A4%95%E0%A4%BE_%E0%A4%AA%E0%A5%82%E0%A4%B0%E0%A4%BE,CC-BY-SA-4.0,,hi_wiktionary_idioms,Auto-imported from Wiktionary. Verify explanation and surface_patterns before promotion.
hi,а§™а•Иа§Єа§Њ а§µа§Єа•Ва§≤,,,а§™а•Иа§Єа§Њ а§µа§Єа•Ва§≤,cultural_reference,Wiktionary,Wiktionary contributors,,,,paisa vasool; bang for the buck,,,,B1,common,0.70,https://en.wiktionary.org/wiki/%E0%A4%AA%E0%A5%88%E0%A4%B8%E0%A4%BE_%E0%A4%B5%E0%A4%B8%E0%A5%82%E0%A4%B2,CC-BY-SA-4.0,,hi_wiktionary_idioms,Auto-imported from Wiktionary. Verify explanation and surface_patterns before promotion.
hi,а§Ђа§Я а§Ха•З а§єа§Ња§• а§Ѓа•За§В а§Жа§®а§Њ,,,а§Ђа§Я а§Ха•З а§єа§Ња§• а§Ѓа•За§В а§Жа§®а§Њ,cultural_reference,Wiktionary,Wiktionary contributors,,,,"to become extremely afraid, scared or frightened",,,,B1,common,0.70,https://en.wiktionary.org/wiki/%E0%A4%AB%E0%A4%9F_%E0%A4%95%E0%A5%87_%E0%A4%B9%E0%A4%BE%E0%A4%A5_%E0%A4%AE%E0%A5%87%E0%A4%82_%E0%A4%86%E0%A4%A8%E0%A4%BE,CC-BY-SA-4.0,,hi_wiktionary_idioms,Auto-imported from Wiktionary. Verify explanation and surface_patterns before promotion.
hi,а§Ђа§Я а§Ьа§Ња§®а§Њ,,,а§Ђа§Я а§Ьа§Ња§®а§Њ,cultural_reference,Wiktionary,Wiktionary contributors,,,,to burst,,,,B1,common,0.70,https://en.wiktionary.org/wiki/%E0%A4%AB%E0%A4%9F_%E0%A4%9C%E0%A4%BE%E0%A4%A8%E0%A4%BE,CC-BY-SA-4.0,,hi_wiktionary_idioms,Auto-imported from Wiktionary. Verify explanation and surface_patterns before promotion.
hi,а§Ђа§Ља§®а•На§®а•З а§Ца§Ља§Ња§®,,,а§Ђа§Ља§®а•На§®а•З а§Ца§Ља§Ња§®,cultural_reference,Wiktionary,Wiktionary contributors,,,,"one who outwardly appears brave but is actually a coward; a show-off, braggart",,,,B1,common,0.70,https://en.wiktionary.org/wiki/%E0%A4%AB%E0%A4%BC%E0%A4%A8%E0%A5%8D%E0%A4%A8%E0%A5%87_%E0%A4%96%E0%A4%BC%E0%A4%BE%E0%A4%A8,CC-BY-SA-4.0,,hi_wiktionary_idioms,Auto-imported from Wiktionary. Verify explanation and surface_patterns before promotion.
hi,а§Ђа§ња§∞ а§Єа•З,,,а§Ђа§ња§∞ а§Єа•З,cultural_reference,Wiktionary,Wiktionary contributors,,,,once again,,,,B1,common,0.70,https://en.wiktionary.org/wiki/%E0%A4%AB%E0%A4%BF%E0%A4%B0_%E0%A4%B8%E0%A5%87,CC-BY-SA-4.0,,hi_wiktionary_idioms,Auto-imported from Wiktionary. Verify explanation and surface_patterns before promotion.
hi,а§ђа§Ва§¶а§∞ а§Ха•На§ѓа§Њ а§Ьа§Ња§®а•З а§Еа§¶а§∞а§Х а§Ха§Њ а§Єа•На§µа§Ња§¶,,,а§ђа§Ва§¶а§∞ а§Ха•На§ѓа§Њ а§Ьа§Ња§®а•З а§Еа§¶а§∞а§Х а§Ха§Њ а§Єа•На§µа§Ња§¶,cultural_reference,Wiktionary,Wiktionary contributors,,,,cast pearls before swine,,,,B1,common,0.70,https://en.wiktionary.org/wiki/%E0%A4%AC%E0%A4%82%E0%A4%A6%E0%A4%B0_%E0%A4%95%E0%A5%8D%E0%A4%AF%E0%A4%BE_%E0%A4%9C%E0%A4%BE%E0%A4%A8%E0%A5%87_%E0%A4%85%E0%A4%A6%E0%A4%B0%E0%A4%95_%E0%A4%95%E0%A4%BE_%E0%A4%B8%E0%A5%8D%E0%A4%B5%E0%A4%BE%E0%A4%A6,CC-BY-SA-4.0,,hi_wiktionary_idioms,Auto-imported from Wiktionary. Verify explanation and surface_patterns before promotion.
hi,а§ђа§Ха§∞а•З а§Ха•А а§Ѓа§Ња§Б а§Ха§ђ а§§а§Х а§Ца§Ља•Иа§∞ а§Ѓа§®а§Ња§ѓа•За§Ча•А,,,а§ђа§Ха§∞а•З а§Ха•А а§Ѓа§Ња§Б а§Ха§ђ а§§а§Х а§Ца§Ља•Иа§∞ а§Ѓа§®а§Ња§ѓа•За§Ча•А,cultural_reference,Wiktionary,Wiktionary contributors,,,,what goes around comes around,,,,B1,common,0.70,https://en.wiktionary.org/wiki/%E0%A4%AC%E0%A4%95%E0%A4%B0%E0%A5%87_%E0%A4%95%E0%A5%80_%E0%A4%AE%E0%A4%BE%E0%A4%81_%E0%A4%95%E0%A4%AC_%E0%A4%A4%E0%A4%95_%E0%A4%96%E0%A4%BC%E0%A5%88%E0%A4%B0_%E0%A4%AE%E0%A4%A8%E0%A4%BE%E0%A4%AF%E0%A5%87%E0%A4%97%E0%A5%80,CC-BY-SA-4.0,,hi_wiktionary_idioms,Auto-imported from Wiktionary. Verify explanation and surface_patterns before promotion.
hi,а§ђа§єа§§а•А а§Ча§Ва§Ча§Њ а§Ѓа•За§В а§єа§Ња§• а§Іа•Ла§®а§Њ,,,а§ђа§єа§§а•А а§Ча§Ва§Ча§Њ а§Ѓа•За§В а§єа§Ња§• а§Іа•Ла§®а§Њ,cultural_reference,Wiktionary,Wiktionary contributors,,,,to make hay while the sun shines,,,,B1,common,0.70,https://en.wiktionary.org/wiki/%E0%A4%AC%E0%A4%B9%E0%A4%A4%E0%A5%80_%E0%A4%97%E0%A4%82%E0%A4%97%E0%A4%BE_%E0%A4%AE%E0%A5%87%E0%A4%82_%E0%A4%B9%E0%A4%BE%E0%A4%A5_%E0%A4%A7%E0%A5%8B%E0%A4%A8%E0%A4%BE,CC-BY-SA-4.0,,hi_wiktionary_idioms,Auto-imported from Wiktionary. Verify explanation and surface_patterns before promotion.
hi,а§ђа§єа•Ба§§-а§Єа§Ња§∞а§Њ,,,а§ђа§єа•Ба§§-а§Єа§Ња§∞а§Њ,cultural_reference,Wiktionary,Wiktionary contributors,,,,"lots of, many",,,,B1,common,0.70,https://en.wiktionary.org/wiki/%E0%A4%AC%E0%A4%B9%E0%A5%81%E0%A4%A4-%E0%A4%B8%E0%A4%BE%E0%A4%B0%E0%A4%BE,CC-BY-SA-4.0,,hi_wiktionary_idioms,Auto-imported from Wiktionary. Verify explanation and surface_patterns before promotion.
hi,а§ђа§Ња§§ а§ђа§®а§®а§Њ,,,а§ђа§Ња§§ а§ђа§®а§®а§Њ,cultural_reference,Wiktionary,Wiktionary contributors,,,,"to succeed, resolve satisfactorily",,,,B1,common,0.70,https://en.wiktionary.org/wiki/%E0%A4%AC%E0%A4%BE%E0%A4%A4_%E0%A4%AC%E0%A4%A8%E0%A4%A8%E0%A4%BE,CC-BY-SA-4.0,,hi_wiktionary_idioms,Auto-imported from Wiktionary. Verify explanation and surface_patterns before promotion.
hi,а§ђа§Ња§≤ а§ђа§Ња§Ба§Ха§Њ а§® а§єа•Ла§®а§Њ,,,а§ђа§Ња§≤ а§ђа§Ња§Ба§Ха§Њ а§® а§єа•Ла§®а§Њ,cultural_reference,Wiktionary,Wiktionary contributors,,,,"not to be harmed in the slightest, to remain unscathed",,,,B1,common,0.70,https://en.wiktionary.org/wiki/%E0%A4%AC%E0%A4%BE%E0%A4%B2_%E0%A4%AC%E0%A4%BE%E0%A4%81%E0%A4%95%E0%A4%BE_%E0%A4%A8_%E0%A4%B9%E0%A5%8B%E0%A4%A8%E0%A4%BE,CC-BY-SA-4.0,,hi_wiktionary_idioms,Auto-imported from Wiktionary. Verify explanation and surface_patterns before promotion.
hi,а§ђа§Ња§≤-а§ђа§Ъа•На§Ъа•З,,,а§ђа§Ња§≤-а§ђа§Ъа•На§Ъа•З,cultural_reference,Wiktionary,Wiktionary contributors,,,,"immediate family, parents and their children",,,,B1,common,0.70,https://en.wiktionary.org/wiki/%E0%A4%AC%E0%A4%BE%E0%A4%B2-%E0%A4%AC%E0%A4%9A%E0%A5%8D%E0%A4%9A%E0%A5%87,CC-BY-SA-4.0,,hi_wiktionary_idioms,Auto-imported from Wiktionary. Verify explanation and surface_patterns before promotion.
hi,а§ђа§Ња§≤-а§ђа§Ња§≤ а§ђа§Ъа§®а§Њ,,,а§ђа§Ња§≤-а§ђа§Ња§≤ а§ђа§Ъа§®а§Њ,cultural_reference,Wiktionary,Wiktionary contributors,,,,вАЬto escape by a hair's breadthвАЭ; to have a narrow escape,,,,B1,common,0.70,https://en.wiktionary.org/wiki/%E0%A4%AC%E0%A4%BE%E0%A4%B2-%E0%A4%AC%E0%A4%BE%E0%A4%B2_%E0%A4%AC%E0%A4%9A%E0%A4%A8%E0%A4%BE,CC-BY-SA-4.0,,hi_wiktionary_idioms,Auto-imported from Wiktionary. Verify explanation and surface_patterns before promotion.
hi,а§ђа§Ња§≤-а§ђа§Ња§≤ а§ђа§Ъа§Ња§®а§Њ,,,а§ђа§Ња§≤-а§ђа§Ња§≤ а§ђа§Ъа§Ња§®а§Њ,cultural_reference,Wiktionary,Wiktionary contributors,,,,вАЬto rescue by a hair's breadthвАЭ; to save by a narrow margin,,,,B1,common,0.70,https://en.wiktionary.org/wiki/%E0%A4%AC%E0%A4%BE%E0%A4%B2-%E0%A4%AC%E0%A4%BE%E0%A4%B2_%E0%A4%AC%E0%A4%9A%E0%A4%BE%E0%A4%A8%E0%A4%BE,CC-BY-SA-4.0,,hi_wiktionary_idioms,Auto-imported from Wiktionary. Verify explanation and surface_patterns before promotion.
hi,а§ђа§Ња§≤-а§ђа§Ња§≤ а§Ѓа•Ла§§а•А а§™а§ња§∞а•Ла§®а§Њ,,,а§ђа§Ња§≤-а§ђа§Ња§≤ а§Ѓа•Ла§§а•А а§™а§ња§∞а•Ла§®а§Њ,cultural_reference,Wiktionary,Wiktionary contributors,,,,"to adorn oneself from head to toe, to ornate oneself elaborately",,,,B1,common,0.70,https://en.wiktionary.org/wiki/%E0%A4%AC%E0%A4%BE%E0%A4%B2-%E0%A4%AC%E0%A4%BE%E0%A4%B2_%E0%A4%AE%E0%A5%8B%E0%A4%A4%E0%A5%80_%E0%A4%AA%E0%A4%BF%E0%A4%B0%E0%A5%8B%E0%A4%A8%E0%A4%BE,CC-BY-SA-4.0,,hi_wiktionary_idioms,Auto-imported from Wiktionary. Verify explanation and surface_patterns before promotion.
hi,а§ђа§ња§® а§Ѓа§Ња§Ба§Ча•З а§Ѓа•Ла§§а•А а§Ѓа§ња§≤а•З а§Ѓа§Ња§Ба§Ча•З а§Ѓа§ња§≤а•З а§® а§≠а•Аа§Ц,,,а§ђа§ња§® а§Ѓа§Ња§Ба§Ча•З а§Ѓа•Ла§§а•А а§Ѓа§ња§≤а•З а§Ѓа§Ња§Ба§Ча•З а§Ѓа§ња§≤а•З а§® а§≠а•Аа§Ц,cultural_reference,Wiktionary,Wiktionary contributors,,,,"sometimes unasked blessings come easily, while asked favors are denied; fortune favors the unexpected",,,,B1,common,0.70,https://en.wiktionary.org/wiki/%E0%A4%AC%E0%A4%BF%E0%A4%A8_%E0%A4%AE%E0%A4%BE%E0%A4%81%E0%A4%97%E0%A5%87_%E0%A4%AE%E0%A5%8B%E0%A4%A4%E0%A5%80_%E0%A4%AE%E0%A4%BF%E0%A4%B2%E0%A5%87_%E0%A4%AE%E0%A4%BE%E0%A4%81%E0%A4%97%E0%A5%87_%E0%A4%AE%E0%A4%BF%E0%A4%B2%E0%A5%87_%E0%A4%A8_%E0%A4%AD%E0%A5%80%E0%A4%96,CC-BY-SA-4.0,,hi_wiktionary_idioms,Auto-imported from Wiktionary. Verify explanation and surface_patterns before promotion.
hi,а§ђа•Ва§Ґа§Ља•А а§Ша•Ла§°а§Ља•А а§≤а§Ња§≤ а§≤а§Ча§Ња§Ѓ,,,а§ђа•Ва§Ґа§Ља•А а§Ша•Ла§°а§Ља•А а§≤а§Ња§≤ а§≤а§Ча§Ња§Ѓ,cultural_reference,Wiktionary,Wiktionary contributors,,,,an old person trying to act young or fashionable; making a show of youthfulness despite age,,,,B1,common,0.70,https://en.wiktionary.org/wiki/%E0%A4%AC%E0%A5%82%E0%A4%A2%E0%A4%BC%E0%A5%80_%E0%A4%98%E0%A5%8B%E0%A4%A1%E0%A4%BC%E0%A5%80_%E0%A4%B2%E0%A4%BE%E0%A4%B2_%E0%A4%B2%E0%A4%97%E0%A4%BE%E0%A4%AE,CC-BY-SA-4.0,,hi_wiktionary_idioms,Auto-imported from Wiktionary. Verify explanation and surface_patterns before promotion.
hi,а§ђа•За§°а§Ља§Њ а§Ча§Ља§∞а•На§Ха§Љ а§єа•Ла§®а§Њ,,,а§ђа•За§°а§Ља§Њ а§Ча§Ља§∞а•На§Ха§Љ а§єа•Ла§®а§Њ,cultural_reference,Wiktionary,Wiktionary contributors,,,,"to be destroyed, devastated, lose everything",,,,B1,common,0.70,https://en.wiktionary.org/wiki/%E0%A4%AC%E0%A5%87%E0%A4%A1%E0%A4%BC%E0%A4%BE_%E0%A4%97%E0%A4%BC%E0%A4%B0%E0%A5%8D%E0%A4%95%E0%A4%BC_%E0%A4%B9%E0%A5%8B%E0%A4%A8%E0%A4%BE,CC-BY-SA-4.0,,hi_wiktionary_idioms,Auto-imported from Wiktionary. Verify explanation and surface_patterns before promotion.
hi,а§ђа•Ла§ѓа§Њ а§™а•За§°а§Љ а§ђа§ђа•Ва§≤ а§Ха§Њ а§§а•Л а§Жа§Ѓ а§Ха§єа§Ња§Б а§Єа•З а§єа•Ла§П,,,а§ђа•Ла§ѓа§Њ а§™а•За§°а§Љ а§ђа§ђа•Ва§≤ а§Ха§Њ а§§а•Л а§Жа§Ѓ а§Ха§єа§Ња§Б а§Єа•З а§єа•Ла§П,cultural_reference,Wiktionary,Wiktionary contributors,,,,you reap what you sow; bad actions cannot yield good results,,,,B1,common,0.70,https://en.wiktionary.org/wiki/%E0%A4%AC%E0%A5%8B%E0%A4%AF%E0%A4%BE_%E0%A4%AA%E0%A5%87%E0%A4%A1%E0%A4%BC_%E0%A4%AC%E0%A4%AC%E0%A5%82%E0%A4%B2_%E0%A4%95%E0%A4%BE_%E0%A4%A4%E0%A5%8B_%E0%A4%86%E0%A4%AE_%E0%A4%95%E0%A4%B9%E0%A4%BE%E0%A4%81_%E0%A4%B8%E0%A5%87_%E0%A4%B9%E0%A5%8B%E0%A4%8F,CC-BY-SA-4.0,,hi_wiktionary_idioms,Auto-imported from Wiktionary. Verify explanation and surface_patterns before promotion.
hi,а§≠а•За§°а§Љ а§Ха•А а§Ца§Ња§≤ а§Ѓа•За§В а§≠а•За§°а§Ља§ња§ѓа§Њ,,,а§≠а•За§°а§Љ а§Ха•А а§Ца§Ња§≤ а§Ѓа•За§В а§≠а•За§°а§Ља§ња§ѓа§Њ,cultural_reference,Wiktionary,Wiktionary contributors,,,,wolf in sheep's clothing,,,,B1,common,0.70,https://en.wiktionary.org/wiki/%E0%A4%AD%E0%A5%87%E0%A4%A1%E0%A4%BC_%E0%A4%95%E0%A5%80_%E0%A4%96%E0%A4%BE%E0%A4%B2_%E0%A4%AE%E0%A5%87%E0%A4%82_%E0%A4%AD%E0%A5%87%E0%A4%A1%E0%A4%BC%E0%A4%BF%E0%A4%AF%E0%A4%BE,CC-BY-SA-4.0,,hi_wiktionary_idioms,Auto-imported from Wiktionary. Verify explanation and surface_patterns before promotion.
hi,а§Ѓа§Ха•На§Ца§® а§≤а§Ча§Ња§®а§Њ,,,а§Ѓа§Ха•На§Ца§® а§≤а§Ча§Ња§®а§Њ,cultural_reference,Wiktionary,Wiktionary contributors,,,,to apply butter,,,,B1,common,0.70,https://en.wiktionary.org/wiki/%E0%A4%AE%E0%A4%95%E0%A5%8D%E0%A4%96%E0%A4%A8_%E0%A4%B2%E0%A4%97%E0%A4%BE%E0%A4%A8%E0%A4%BE,CC-BY-SA-4.0,,hi_wiktionary_idioms,Auto-imported from Wiktionary. Verify explanation and surface_patterns before promotion.
hi,а§Ѓа§Ха•На§Ца•Аа§Ъа•Ва§Є,,,а§Ѓа§Ха•На§Ца•Аа§Ъа•Ва§Є,cultural_reference,Wiktionary,Wiktionary contributors,,,,"a miser, cheapskate",,,,B1,common,0.70,https://en.wiktionary.org/wiki/%E0%A4%AE%E0%A4%95%E0%A5%8D%E0%A4%96%E0%A5%80%E0%A4%9A%E0%A5%82%E0%A4%B8,CC-BY-SA-4.0,,hi_wiktionary_idioms,Auto-imported from Wiktionary. Verify explanation and surface_patterns before promotion.
hi,а§Ѓа§Ча§∞а§Ѓа§Ъа•На§Ы а§Ха•З а§Жа§Ба§Єа•В,,,а§Ѓа§Ча§∞а§Ѓа§Ъа•На§Ы а§Ха•З а§Жа§Ба§Єа•В,cultural_reference,Wiktionary,Wiktionary contributors,,,,crocodile tear,,,,B1,common,0.70,https://en.wiktionary.org/wiki/%E0%A4%AE%E0%A4%97%E0%A4%B0%E0%A4%AE%E0%A4%9A%E0%A5%8D%E0%A4%9B_%E0%A4%95%E0%A5%87_%E0%A4%86%E0%A4%81%E0%A4%B8%E0%A5%82,CC-BY-SA-4.0,,hi_wiktionary_idioms,Auto-imported from Wiktionary. Verify explanation and surface_patterns before promotion.
hi,а§Ѓа§® а§Ъа§Ва§Ча§Њ а§§а•Л а§Ха§†а•Ма§§а•А а§Ѓа•За§В а§Ча§Ва§Ча§Њ,,,а§Ѓа§® а§Ъа§Ва§Ча§Њ а§§а•Л а§Ха§†а•Ма§§а•А а§Ѓа•За§В а§Ча§Ва§Ча§Њ,cultural_reference,Wiktionary,Wiktionary contributors,,,,Purity of mind is the real pilgrimage,,,,B1,common,0.70,https://en.wiktionary.org/wiki/%E0%A4%AE%E0%A4%A8_%E0%A4%9A%E0%A4%82%E0%A4%97%E0%A4%BE_%E0%A4%A4%E0%A5%8B_%E0%A4%95%E0%A4%A0%E0%A5%8C%E0%A4%A4%E0%A5%80_%E0%A4%AE%E0%A5%87%E0%A4%82_%E0%A4%97%E0%A4%82%E0%A4%97%E0%A4%BE,CC-BY-SA-4.0,,hi_wiktionary_idioms,Auto-imported from Wiktionary. Verify explanation and surface_patterns before promotion.
hi,а§Ѓа§® а§Ѓа§Ња§∞а§®а§Њ,,,а§Ѓа§® а§Ѓа§Ња§∞а§®а§Њ,cultural_reference,Wiktionary,Wiktionary contributors,,,,"to suppress a desire, to restrain the mind",,,,B1,common,0.70,https://en.wiktionary.org/wiki/%E0%A4%AE%E0%A4%A8_%E0%A4%AE%E0%A4%BE%E0%A4%B0%E0%A4%A8%E0%A4%BE,CC-BY-SA-4.0,,hi_wiktionary_idioms,Auto-imported from Wiktionary. Verify explanation and surface_patterns before promotion.
hi,а§Ѓа§∞а§§а§Њ а§Ха•На§ѓа§Њ а§® а§Ха§∞а§§а§Њ,,,а§Ѓа§∞а§§а§Њ а§Ха•На§ѓа§Њ а§® а§Ха§∞а§§а§Њ,cultural_reference,Wiktionary,Wiktionary contributors,,,,desperate times call for desperate measures,,,,B1,common,0.70,https://en.wiktionary.org/wiki/%E0%A4%AE%E0%A4%B0%E0%A4%A4%E0%A4%BE_%E0%A4%95%E0%A5%8D%E0%A4%AF%E0%A4%BE_%E0%A4%A8_%E0%A4%95%E0%A4%B0%E0%A4%A4%E0%A4%BE,CC-BY-SA-4.0,,hi_wiktionary_idioms,Auto-imported from Wiktionary. Verify explanation and surface_patterns before promotion.
hi,а§Ѓа§∞а•З а§ђа§ња§®а§Њ а§Єа•На§µа§∞а•На§Ч а§®а§єа•Аа§В а§Ѓа§ња§≤а§§а§Њ,,,а§Ѓа§∞а•З а§ђа§ња§®а§Њ а§Єа•На§µа§∞а•На§Ч а§®а§єа•Аа§В а§Ѓа§ња§≤а§§а§Њ,cultural_reference,Wiktionary,Wiktionary contributors,,,,"without dying, one does not see heaven; to reach one's goal one must act",,,,B1,common,0.70,https://en.wiktionary.org/wiki/%E0%A4%AE%E0%A4%B0%E0%A5%87_%E0%A4%AC%E0%A4%BF%E0%A4%A8%E0%A4%BE_%E0%A4%B8%E0%A5%8D%E0%A4%B5%E0%A4%B0%E0%A5%8D%E0%A4%97_%E0%A4%A8%E0%A4%B9%E0%A5%80%E0%A4%82_%E0%A4%AE%E0%A4%BF%E0%A4%B2%E0%A4%A4%E0%A4%BE,CC-BY-SA-4.0,,hi_wiktionary_idioms,Auto-imported from Wiktionary. Verify explanation and surface_patterns before promotion.
hi,а§Ѓа§Єа•За§В а§≠а•Аа§Ча§®а§Њ,,,а§Ѓа§Єа•За§В а§≠а•Аа§Ча§®а§Њ,cultural_reference,Wiktionary,Wiktionary contributors,,,,"to enter adolescence, mature",,,,B1,common,0.70,https://en.wiktionary.org/wiki/%E0%A4%AE%E0%A4%B8%E0%A5%87%E0%A4%82_%E0%A4%AD%E0%A5%80%E0%A4%97%E0%A4%A8%E0%A4%BE,CC-BY-SA-4.0,,hi_wiktionary_idioms,Auto-imported from Wiktionary. Verify explanation and surface_patterns before promotion.
hi,а§Ѓа§ња§ѓа§Ња§Б а§ђа•Аа§µа•А а§∞а§Ња§Ьа§Ља•А а§§а•Л а§Ха•На§ѓа§Њ а§Ха§∞а•За§Ча§Њ а§Ха§Ња§Ьа§Ља•А,,,а§Ѓа§ња§ѓа§Ња§Б а§ђа•Аа§µа•А а§∞а§Ња§Ьа§Ља•А а§§а•Л а§Ха•На§ѓа§Њ а§Ха§∞а•За§Ча§Њ а§Ха§Ња§Ьа§Ља•А,cultural_reference,Wiktionary,Wiktionary contributors,,,,"when two parties are in mutual agreement, no third party has a say; outside interference is pointless",,,,B1,common,0.70,https://en.wiktionary.org/wiki/%E0%A4%AE%E0%A4%BF%E0%A4%AF%E0%A4%BE%E0%A4%81_%E0%A4%AC%E0%A5%80%E0%A4%B5%E0%A5%80_%E0%A4%B0%E0%A4%BE%E0%A4%9C%E0%A4%BC%E0%A5%80_%E0%A4%A4%E0%A5%8B_%E0%A4%95%E0%A5%8D%E0%A4%AF%E0%A4%BE_%E0%A4%95%E0%A4%B0%E0%A5%87%E0%A4%97%E0%A4%BE_%E0%A4%95%E0%A4%BE%E0%A4%9C%E0%A4%BC%E0%A5%80,CC-BY-SA-4.0,,hi_wiktionary_idioms,Auto-imported from Wiktionary. Verify explanation and surface_patterns before promotion.
hi,а§Ѓа•Аа§®-а§Ѓа•За§Ц а§®а§ња§Ха§Ња§≤а§®а§Њ,,,а§Ѓа•Аа§®-а§Ѓа•За§Ц а§®а§ња§Ха§Ња§≤а§®а§Њ,cultural_reference,Wiktionary,Wiktionary contributors,,,,"to find fault, nitpick",,,,B1,common,0.70,https://en.wiktionary.org/wiki/%E0%A4%AE%E0%A5%80%E0%A4%A8-%E0%A4%AE%E0%A5%87%E0%A4%96_%E0%A4%A8%E0%A4%BF%E0%A4%95%E0%A4%BE%E0%A4%B2%E0%A4%A8%E0%A4%BE,CC-BY-SA-4.0,,hi_wiktionary_idioms,Auto-imported from Wiktionary. Verify explanation and surface_patterns before promotion.
hi,а§Ѓа•Ба§Ба§є а§Ха§Ња§≤а§Њ а§Ха§∞а§®а§Њ,,,а§Ѓа•Ба§Ба§є а§Ха§Ња§≤а§Њ а§Ха§∞а§®а§Њ,cultural_reference,Wiktionary,Wiktionary contributors,,,,to blacken the face of (sb.),,,,B1,common,0.70,https://en.wiktionary.org/wiki/%E0%A4%AE%E0%A5%81%E0%A4%81%E0%A4%B9_%E0%A4%95%E0%A4%BE%E0%A4%B2%E0%A4%BE_%E0%A4%95%E0%A4%B0%E0%A4%A8%E0%A4%BE,CC-BY-SA-4.0,,hi_wiktionary_idioms,Auto-imported from Wiktionary. Verify explanation and surface_patterns before promotion.
hi,а§Ѓа•Ба§Ба§є а§Ѓа•Аа§†а§Њ а§Ха§∞а§®а§Њ,,,а§Ѓа•Ба§Ба§є а§Ѓа•Аа§†а§Њ а§Ха§∞а§®а§Њ,cultural_reference,Wiktionary,Wiktionary contributors,,,,to celebrate by distributing sweets,,,,B1,common,0.70,https://en.wiktionary.org/wiki/%E0%A4%AE%E0%A5%81%E0%A4%81%E0%A4%B9_%E0%A4%AE%E0%A5%80%E0%A4%A0%E0%A4%BE_%E0%A4%95%E0%A4%B0%E0%A4%A8%E0%A4%BE,CC-BY-SA-4.0,,hi_wiktionary_idioms,Auto-imported from Wiktionary. Verify explanation and surface_patterns before promotion.
hi,а§Ѓа•Ба§Ба§є а§Ѓа•За§В а§∞а§Ња§Ѓ а§ђа§Ча§Ља§≤ а§Ѓа•За§В а§Ыа•Ба§∞а•А,,,а§Ѓа•Ба§Ба§є а§Ѓа•За§В а§∞а§Ња§Ѓ а§ђа§Ча§Ља§≤ а§Ѓа•За§В а§Ыа•Ба§∞а•А,cultural_reference,Wiktionary,Wiktionary contributors,,,,to be outwardly pious or sweet-spoken but secretly harmful; to be hypocritical or deceitful,,,,B1,common,0.70,https://en.wiktionary.org/wiki/%E0%A4%AE%E0%A5%81%E0%A4%81%E0%A4%B9_%E0%A4%AE%E0%A5%87%E0%A4%82_%E0%A4%B0%E0%A4%BE%E0%A4%AE_%E0%A4%AC%E0%A4%97%E0%A4%BC%E0%A4%B2_%E0%A4%AE%E0%A5%87%E0%A4%82_%E0%A4%9B%E0%A5%81%E0%A4%B0%E0%A5%80,CC-BY-SA-4.0,,hi_wiktionary_idioms,Auto-imported from Wiktionary. Verify explanation and surface_patterns before promotion.
hi,а§Ѓа•Ба§Ба§єа§§а•Ла§°а§Љ а§Ьа§µа§Ња§ђ,,,а§Ѓа•Ба§Ба§єа§§а•Ла§°а§Љ а§Ьа§µа§Ња§ђ,cultural_reference,Wiktionary,Wiktionary contributors,,,,an answer that leaves the questioner speechless; a final answer,,,,B1,common,0.70,https://en.wiktionary.org/wiki/%E0%A4%AE%E0%A5%81%E0%A4%81%E0%A4%B9%E0%A4%A4%E0%A5%8B%E0%A4%A1%E0%A4%BC_%E0%A4%9C%E0%A4%B5%E0%A4%BE%E0%A4%AC,CC-BY-SA-4.0,,hi_wiktionary_idioms,Auto-imported from Wiktionary. Verify explanation and surface_patterns before promotion.
hi,а§Ѓа•Ба§† а§Ѓа§Ња§∞а§®а§Њ,,,а§Ѓа•Ба§† а§Ѓа§Ња§∞а§®а§Њ,cultural_reference,Wiktionary,Wiktionary contributors,,,,"to masturbate; to wank, toss off",,,,B1,common,0.70,https://en.wiktionary.org/wiki/%E0%A4%AE%E0%A5%81%E0%A4%A0_%E0%A4%AE%E0%A4%BE%E0%A4%B0%E0%A4%A8%E0%A4%BE,CC-BY-SA-4.0,,hi_wiktionary_idioms,Auto-imported from Wiktionary. Verify explanation and surface_patterns before promotion.
hi,а§Ѓа•Ба§≤а•На§≤а§Њ а§Ха•А а§¶а•Ма§°а§Љ а§Ѓа§Єа•На§Ьа§ња§¶ а§§а§Х,,,а§Ѓа•Ба§≤а•На§≤а§Њ а§Ха•А а§¶а•Ма§°а§Љ а§Ѓа§Єа•На§Ьа§ња§¶ а§§а§Х,cultural_reference,Wiktionary,Wiktionary contributors,,,,frog in a well,,,,B1,common,0.70,https://en.wiktionary.org/wiki/%E0%A4%AE%E0%A5%81%E0%A4%B2%E0%A5%8D%E0%A4%B2%E0%A4%BE_%E0%A4%95%E0%A5%80_%E0%A4%A6%E0%A5%8C%E0%A4%A1%E0%A4%BC_%E0%A4%AE%E0%A4%B8%E0%A5%8D%E0%A4%9C%E0%A4%BF%E0%A4%A6_%E0%A4%A4%E0%A4%95,CC-BY-SA-4.0,,hi_wiktionary_idioms,Auto-imported from Wiktionary. Verify explanation and surface_patterns before promotion.
hi,а§ѓа§•а§Њ а§∞а§Ња§Ьа§Њ а§§а§•а§Њ а§™а•На§∞а§Ьа§Њ,,,а§ѓа§•а§Њ а§∞а§Ња§Ьа§Њ а§§а§•а§Њ а§™а•На§∞а§Ьа§Њ,cultural_reference,Wiktionary,Wiktionary contributors,,,,"""as is the king, so are the subjects"": people follow the example of leaders",,,,B1,common,0.70,https://en.wiktionary.org/wiki/%E0%A4%AF%E0%A4%A5%E0%A4%BE_%E0%A4%B0%E0%A4%BE%E0%A4%9C%E0%A4%BE_%E0%A4%A4%E0%A4%A5%E0%A4%BE_%E0%A4%AA%E0%A5%8D%E0%A4%B0%E0%A4%9C%E0%A4%BE,CC-BY-SA-4.0,,hi_wiktionary_idioms,Auto-imported from Wiktionary. Verify explanation and surface_patterns before promotion.
hi,а§∞а§Ња§® а§Ѓа•За§В а§Ьа§Ља•Ла§∞ а§єа•Ла§®а§Њ,,,а§∞а§Ња§® а§Ѓа•За§В а§Ьа§Ља•Ла§∞ а§єа•Ла§®а§Њ,cultural_reference,Wiktionary,Wiktionary contributors,,,,"to be masculine, to have an abundance of virility",,,,B1,common,0.70,https://en.wiktionary.org/wiki/%E0%A4%B0%E0%A4%BE%E0%A4%A8_%E0%A4%AE%E0%A5%87%E0%A4%82_%E0%A4%9C%E0%A4%BC%E0%A5%8B%E0%A4%B0_%E0%A4%B9%E0%A5%8B%E0%A4%A8%E0%A4%BE,CC-BY-SA-4.0,,hi_wiktionary_idioms,Auto-imported from Wiktionary. Verify explanation and surface_patterns before promotion.
hi,а§∞а§Ња§Ѓ а§Ха§єа§Ња§®а•А,,,а§∞а§Ња§Ѓ а§Ха§єа§Ња§®а•А,cultural_reference,Wiktionary,Wiktionary contributors,,,,"a long story, epic",,,,B1,common,0.70,https://en.wiktionary.org/wiki/%E0%A4%B0%E0%A4%BE%E0%A4%AE_%E0%A4%95%E0%A4%B9%E0%A4%BE%E0%A4%A8%E0%A5%80,CC-BY-SA-4.0,,hi_wiktionary_idioms,Auto-imported from Wiktionary. Verify explanation and surface_patterns before promotion.
hi,а§∞а§Ња§Ѓ а§Ьа§Ња§®а•З,,,а§∞а§Ња§Ѓ а§Ьа§Ња§®а•З,cultural_reference,Wiktionary,Wiktionary contributors,,,,I don't know; God knows,,,,B1,common,0.70,https://en.wiktionary.org/wiki/%E0%A4%B0%E0%A4%BE%E0%A4%AE_%E0%A4%9C%E0%A4%BE%E0%A4%A8%E0%A5%87,CC-BY-SA-4.0,,hi_wiktionary_idioms,Auto-imported from Wiktionary. Verify explanation and surface_patterns before promotion.
hi,а§∞а§Ња§Ѓа§ђа§Ња§£,,,а§∞а§Ња§Ѓа§ђа§Ња§£,cultural_reference,Wiktionary,Wiktionary contributors,,,,"a potent and effective medicine, elixir",,,,B1,common,0.70,https://en.wiktionary.org/wiki/%E0%A4%B0%E0%A4%BE%E0%A4%AE%E0%A4%AC%E0%A4%BE%E0%A4%A3,CC-BY-SA-4.0,,hi_wiktionary_idioms,Auto-imported from Wiktionary. Verify explanation and surface_patterns before promotion.
hi,а§∞а•Ла§Ьа§Ља•А а§∞а•Ла§Яа•А,,,а§∞а•Ла§Ьа§Ља•А а§∞а•Ла§Яа•А,cultural_reference,Wiktionary,Wiktionary contributors,,,,bread and butter; means of livelihood,,,,B1,common,0.70,https://en.wiktionary.org/wiki/%E0%A4%B0%E0%A5%8B%E0%A4%9C%E0%A4%BC%E0%A5%80_%E0%A4%B0%E0%A5%8B%E0%A4%9F%E0%A5%80,CC-BY-SA-4.0,,hi_wiktionary_idioms,Auto-imported from Wiktionary. Verify explanation and surface_patterns before promotion.
hi,а§∞а•Ла§Яа•А-а§¶а§Ња§≤ а§Єа•З а§Ца§Ља•Ба§ґ,,,а§∞а•Ла§Яа•А-а§¶а§Ња§≤ а§Єа•З а§Ца§Ља•Ба§ґ,cultural_reference,Wiktionary,Wiktionary contributors,,,,having enough to live on,,,,B1,common,0.70,https://en.wiktionary.org/wiki/%E0%A4%B0%E0%A5%8B%E0%A4%9F%E0%A5%80-%E0%A4%A6%E0%A4%BE%E0%A4%B2_%E0%A4%B8%E0%A5%87_%E0%A4%96%E0%A4%BC%E0%A5%81%E0%A4%B6,CC-BY-SA-4.0,,hi_wiktionary_idioms,Auto-imported from Wiktionary. Verify explanation and surface_patterns before promotion.
hi,а§∞а•Ла§ґа§®а•А,,,а§∞а•Ла§ґа§®а•А,cultural_reference,Wiktionary,Wiktionary contributors,,,,light,,,,B1,common,0.70,https://en.wiktionary.org/wiki/%E0%A4%B0%E0%A5%8B%E0%A4%B6%E0%A4%A8%E0%A5%80,CC-BY-SA-4.0,,hi_wiktionary_idioms,Auto-imported from Wiktionary. Verify explanation and surface_patterns before promotion.
hi,а§≤а§Ња§≤а§Ђа§Ља•Аа§§а§Њ,,,а§≤а§Ња§≤а§Ђа§Ља•Аа§§а§Њ,cultural_reference,Wiktionary,Wiktionary contributors,,,,red tape,,,,B1,common,0.70,https://en.wiktionary.org/wiki/%E0%A4%B2%E0%A4%BE%E0%A4%B2%E0%A4%AB%E0%A4%BC%E0%A5%80%E0%A4%A4%E0%A4%BE,CC-BY-SA-4.0,,hi_wiktionary_idioms,Auto-imported from Wiktionary. Verify explanation and surface_patterns before promotion.
hi,а§ґа§ђа•На§¶ а§Ъа•Ла§∞,,,а§ґа§ђа•На§¶ а§Ъа•Ла§∞,cultural_reference,Wiktionary,Wiktionary contributors,,,,a plagiarist,,,,B1,common,0.70,https://en.wiktionary.org/wiki/%E0%A4%B6%E0%A4%AC%E0%A5%8D%E0%A4%A6_%E0%A4%9A%E0%A5%8B%E0%A4%B0,CC-BY-SA-4.0,,hi_wiktionary_idioms,Auto-imported from Wiktionary. Verify explanation and surface_patterns before promotion.
hi,а§ґа§ђа•На§¶а§Єа§Ња§Ча§∞,,,а§ґа§ђа•На§¶а§Єа§Ња§Ча§∞,cultural_reference,Wiktionary,Wiktionary contributors,,,,"""sea of words""; a dictionary, especially the one made by Shyam Sunder Das in Hindi",,,,B1,common,0.70,https://en.wiktionary.org/wiki/%E0%A4%B6%E0%A4%AC%E0%A5%8D%E0%A4%A6%E0%A4%B8%E0%A4%BE%E0%A4%97%E0%A4%B0,CC-BY-SA-4.0,,hi_wiktionary_idioms,Auto-imported from Wiktionary. Verify explanation and surface_patterns before promotion.
hi,а§Єа§Ва§Ч а§Ча§Ња§®а§Њ,,,а§Єа§Ва§Ч а§Ча§Ња§®а§Њ,cultural_reference,Wiktionary,Wiktionary contributors,,,,to sing along,,,,B1,common,0.70,https://en.wiktionary.org/wiki/%E0%A4%B8%E0%A4%82%E0%A4%97_%E0%A4%97%E0%A4%BE%E0%A4%A8%E0%A4%BE,CC-BY-SA-4.0,,hi_wiktionary_idioms,Auto-imported from Wiktionary. Verify explanation and surface_patterns before promotion.
hi,а§Єа§∞ а§Ца§Ња§®а§Њ,,,а§Єа§∞ а§Ца§Ња§®а§Њ,cultural_reference,Wiktionary,Wiktionary contributors,,,,"to pester, annoy; to bore",,,,B1,common,0.70,https://en.wiktionary.org/wiki/%E0%A4%B8%E0%A4%B0_%E0%A4%96%E0%A4%BE%E0%A4%A8%E0%A4%BE,CC-BY-SA-4.0,,hi_wiktionary_idioms,Auto-imported from Wiktionary. Verify explanation and surface_patterns before promotion.
hi,а§Єа§∞ а§Єа§≤а§Ња§Ѓа§§ а§§а•Л а§™а§Ча§°а§Ља•А а§єа§Ьа§Ља§Ња§∞,,,а§Єа§∞ а§Єа§≤а§Ња§Ѓа§§ а§§а•Л а§™а§Ча§°а§Ља•А а§єа§Ьа§Ља§Ња§∞,cultural_reference,Wiktionary,Wiktionary contributors,,,,live to fight another day,,,,B1,common,0.70,https://en.wiktionary.org/wiki/%E0%A4%B8%E0%A4%B0_%E0%A4%B8%E0%A4%B2%E0%A4%BE%E0%A4%AE%E0%A4%A4_%E0%A4%A4%E0%A5%8B_%E0%A4%AA%E0%A4%97%E0%A4%A1%E0%A4%BC%E0%A5%80_%E0%A4%B9%E0%A4%9C%E0%A4%BC%E0%A4%BE%E0%A4%B0,CC-BY-SA-4.0,,hi_wiktionary_idioms,Auto-imported from Wiktionary. Verify explanation and surface_patterns before promotion.
hi,а§Єа§∞ а§єа§ња§≤а§Ња§®а§Њ,,,а§Єа§∞ а§єа§ња§≤а§Ња§®а§Њ,cultural_reference,Wiktionary,Wiktionary contributors,,,,"to refuse, turn down",,,,B1,common,0.70,https://en.wiktionary.org/wiki/%E0%A4%B8%E0%A4%B0_%E0%A4%B9%E0%A4%BF%E0%A4%B2%E0%A4%BE%E0%A4%A8%E0%A4%BE,CC-BY-SA-4.0,,hi_wiktionary_idioms,Auto-imported from Wiktionary. Verify explanation and surface_patterns before promotion.
hi,а§Єа§∞а§Ха§Ња§∞ а§Ха§Њ а§¶а§Ња§Ѓа§Ња§¶,,,а§Єа§∞а§Ха§Ња§∞ а§Ха§Њ а§¶а§Ња§Ѓа§Ња§¶,cultural_reference,Wiktionary,Wiktionary contributors,,,,"a person favored by the government, usually due to familial connections",,,,B1,common,0.70,https://en.wiktionary.org/wiki/%E0%A4%B8%E0%A4%B0%E0%A4%95%E0%A4%BE%E0%A4%B0_%E0%A4%95%E0%A4%BE_%E0%A4%A6%E0%A4%BE%E0%A4%AE%E0%A4%BE%E0%A4%A6,CC-BY-SA-4.0,,hi_wiktionary_idioms,Auto-imported from Wiktionary. Verify explanation and surface_patterns before promotion.
hi,а§Єа§Ња§Ба§Ъ а§Ха•Л а§Жа§Ба§Ъ а§®а§єа•Аа§В,,,а§Єа§Ња§Ба§Ъ а§Ха•Л а§Жа§Ба§Ъ а§®а§єа•Аа§В,cultural_reference,Wiktionary,Wiktionary contributors,,,,truth fears no trial,,,,B1,common,0.70,https://en.wiktionary.org/wiki/%E0%A4%B8%E0%A4%BE%E0%A4%81%E0%A4%9A_%E0%A4%95%E0%A5%8B_%E0%A4%86%E0%A4%81%E0%A4%9A_%E0%A4%A8%E0%A4%B9%E0%A5%80%E0%A4%82,CC-BY-SA-4.0,,hi_wiktionary_idioms,Auto-imported from Wiktionary. Verify explanation and surface_patterns before promotion.
hi,а§Єа§Ња§Ва§Ъ а§Ха•Л а§Жа§Ва§Ъ а§®а§єа•Аа§В,,,а§Єа§Ња§Ва§Ъ а§Ха•Л а§Жа§Ва§Ъ а§®а§єа•Аа§В,cultural_reference,Wiktionary,Wiktionary contributors,,,,The truth cannot be hidden forever.,,,,B1,common,0.70,https://en.wiktionary.org/wiki/%E0%A4%B8%E0%A4%BE%E0%A4%82%E0%A4%9A_%E0%A4%95%E0%A5%8B_%E0%A4%86%E0%A4%82%E0%A4%9A_%E0%A4%A8%E0%A4%B9%E0%A5%80%E0%A4%82,CC-BY-SA-4.0,,hi_wiktionary_idioms,Auto-imported from Wiktionary. Verify explanation and surface_patterns before promotion.
hi,а§Єа§Ња§†а•З а§™а§∞ а§™а§Ња§†а§Њ,,,а§Єа§Ња§†а•З а§™а§∞ а§™а§Ња§†а§Њ,cultural_reference,Wiktionary,Wiktionary contributors,,,,an old man who behaves as a young man,,,,B1,common,0.70,https://en.wiktionary.org/wiki/%E0%A4%B8%E0%A4%BE%E0%A4%A0%E0%A5%87_%E0%A4%AA%E0%A4%B0_%E0%A4%AA%E0%A4%BE%E0%A4%A0%E0%A4%BE,CC-BY-SA-4.0,,hi_wiktionary_idioms,Auto-imported from Wiktionary. Verify explanation and surface_patterns before promotion.
hi,а§Єа§Ња§• а§Ча§Ња§®а§Њ,,,а§Єа§Ња§• а§Ча§Ња§®а§Њ,cultural_reference,Wiktionary,Wiktionary contributors,,,,to sing along,,,,B1,common,0.70,https://en.wiktionary.org/wiki/%E0%A4%B8%E0%A4%BE%E0%A4%A5_%E0%A4%97%E0%A4%BE%E0%A4%A8%E0%A4%BE,CC-BY-SA-4.0,,hi_wiktionary_idioms,Auto-imported from Wiktionary. Verify explanation and surface_patterns before promotion.
hi,а§Єа§Ња§Ѓ а§¶а§Ња§Ѓ а§¶а§Ва§°а§Љ а§≠а•За§¶,,,а§Єа§Ња§Ѓ а§¶а§Ња§Ѓ а§¶а§Ва§°а§Љ а§≠а•За§¶,cultural_reference,Wiktionary,Wiktionary contributors,,,,"Negotiation, bribery, threats, and divisionвАФthe four classical techniques for manipulation",,,,B1,common,0.70,https://en.wiktionary.org/wiki/%E0%A4%B8%E0%A4%BE%E0%A4%AE_%E0%A4%A6%E0%A4%BE%E0%A4%AE_%E0%A4%A6%E0%A4%82%E0%A4%A1%E0%A4%BC_%E0%A4%AD%E0%A5%87%E0%A4%A6,CC-BY-SA-4.0,,hi_wiktionary_idioms,Auto-imported from Wiktionary. Verify explanation and surface_patterns before promotion.
hi,а§Єа§ња§Яа•На§Яа•Аа§™а§ња§Яа•На§Яа•А а§Ча•Ба§Ѓ а§єа•Ла§®а§Њ,,,а§Єа§ња§Яа•На§Яа•Аа§™а§ња§Яа•На§Яа•А а§Ча•Ба§Ѓ а§єа•Ла§®а§Њ,cultural_reference,Wiktionary,Wiktionary contributors,,,,"to be struck all of a heap; to be in a panic; to be stunned, stupefied",,,,B1,common,0.70,https://en.wiktionary.org/wiki/%E0%A4%B8%E0%A4%BF%E0%A4%9F%E0%A5%8D%E0%A4%9F%E0%A5%80%E0%A4%AA%E0%A4%BF%E0%A4%9F%E0%A5%8D%E0%A4%9F%E0%A5%80_%E0%A4%97%E0%A5%81%E0%A4%AE_%E0%A4%B9%E0%A5%8B%E0%A4%A8%E0%A4%BE,CC-BY-SA-4.0,,hi_wiktionary_idioms,Auto-imported from Wiktionary. Verify explanation and surface_patterns before promotion.
hi,а§Єа§ња§§а§Ња§∞а§Њ,,,а§Єа§ња§§а§Ња§∞а§Њ,cultural_reference,Wiktionary,Wiktionary contributors,,,,star,,,,B1,common,0.70,https://en.wiktionary.org/wiki/%E0%A4%B8%E0%A4%BF%E0%A4%A4%E0%A4%BE%E0%A4%B0%E0%A4%BE,CC-BY-SA-4.0,,hi_wiktionary_idioms,Auto-imported from Wiktionary. Verify explanation and surface_patterns before promotion.
hi,а§Єа•Аа§Іа•А а§Йа§Ва§Ча§≤а•А а§Єа•З а§Ша•А а§®а§єа•Аа§В а§®а§ња§Ха§≤а§§а§Њ,,,а§Єа•Аа§Іа•А а§Йа§Ва§Ча§≤а•А а§Єа•З а§Ша•А а§®а§єа•Аа§В а§®а§ња§Ха§≤а§§а§Њ,cultural_reference,Wiktionary,Wiktionary contributors,,,,you canвАЩt get things done without pressure or trickery,,,,B1,common,0.70,https://en.wiktionary.org/wiki/%E0%A4%B8%E0%A5%80%E0%A4%A7%E0%A5%80_%E0%A4%89%E0%A4%82%E0%A4%97%E0%A4%B2%E0%A5%80_%E0%A4%B8%E0%A5%87_%E0%A4%98%E0%A5%80_%E0%A4%A8%E0%A4%B9%E0%A5%80%E0%A4%82_%E0%A4%A8%E0%A4%BF%E0%A4%95%E0%A4%B2%E0%A4%A4%E0%A4%BE,CC-BY-SA-4.0,,hi_wiktionary_idioms,Auto-imported from Wiktionary. Verify explanation and surface_patterns before promotion.
hi,а§Єа•Аа§®а§Њ а§Ъа•Ма§°а§Ља§Њ а§єа•Ла§®а§Њ,,,а§Єа•Аа§®а§Њ а§Ъа•Ма§°а§Ља§Њ а§єа•Ла§®а§Њ,cultural_reference,Wiktionary,Wiktionary contributors,,,,to fill lungs ; to swell,,,,B1,common,0.70,https://en.wiktionary.org/wiki/%E0%A4%B8%E0%A5%80%E0%A4%A8%E0%A4%BE_%E0%A4%9A%E0%A5%8C%E0%A4%A1%E0%A4%BC%E0%A4%BE_%E0%A4%B9%E0%A5%8B%E0%A4%A8%E0%A4%BE,CC-BY-SA-4.0,,hi_wiktionary_idioms,Auto-imported from Wiktionary. Verify explanation and surface_patterns before promotion.
hi,а§Єа•Ва§™ а§ђа•Ла§≤а•З а§§а•Л а§ђа•Ла§≤а•З а§Ыа§≤а§®а•А а§≠а•А а§ђа•Ла§≤а•З а§Ьа§ња§Єа§Ѓа•За§В а§ђа§єа§§а•На§§а§∞ а§Ыа•За§¶,,,а§Єа•Ва§™ а§ђа•Ла§≤а•З а§§а•Л а§ђа•Ла§≤а•З а§Ыа§≤а§®а•А а§≠а•А а§ђа•Ла§≤а•З а§Ьа§ња§Єа§Ѓа•За§В а§ђа§єа§§а•На§§а§∞ а§Ыа•За§¶,cultural_reference,Wiktionary,Wiktionary contributors,,,,used to criticize someone full of flaws who still dares to point out othersвАЩ faults,,,,B1,common,0.70,https://en.wiktionary.org/wiki/%E0%A4%B8%E0%A5%82%E0%A4%AA_%E0%A4%AC%E0%A5%8B%E0%A4%B2%E0%A5%87_%E0%A4%A4%E0%A5%8B_%E0%A4%AC%E0%A5%8B%E0%A4%B2%E0%A5%87_%E0%A4%9B%E0%A4%B2%E0%A4%A8%E0%A5%80_%E0%A4%AD%E0%A5%80_%E0%A4%AC%E0%A5%8B%E0%A4%B2%E0%A5%87_%E0%A4%9C%E0%A4%BF%E0%A4%B8%E0%A4%AE%E0%A5%87%E0%A4%82_%E0%A4%AC%E0%A4%B9%E0%A4%A4%E0%A5%8D%E0%A4%A4%E0%A4%B0_%E0%A4%9B%E0%A5%87%E0%A4%A6,CC-BY-SA-4.0,,hi_wiktionary_idioms,Auto-imported from Wiktionary. Verify explanation and surface_patterns before promotion.
hi,а§Єа•Ла§≤а§є а§Жа§®а•З а§Єа§Ъ,,,а§Єа•Ла§≤а§є а§Жа§®а•З а§Єа§Ъ,cultural_reference,Wiktionary,Wiktionary contributors,,,,absolutely; completely correct,,,,B1,common,0.70,https://en.wiktionary.org/wiki/%E0%A4%B8%E0%A5%8B%E0%A4%B2%E0%A4%B9_%E0%A4%86%E0%A4%A8%E0%A5%87_%E0%A4%B8%E0%A4%9A,CC-BY-SA-4.0,,hi_wiktionary_idioms,Auto-imported from Wiktionary. Verify explanation and surface_patterns before promotion.
hi,а§єа§Ња§Б а§Ѓа•За§В а§єа§Ња§Б а§Ѓа§ња§≤а§Ња§®а§Њ,,,а§єа§Ња§Б а§Ѓа•За§В а§єа§Ња§Б а§Ѓа§ња§≤а§Ња§®а§Њ,cultural_reference,Wiktionary,Wiktionary contributors,,,,to feign agreement or concurrence with someone,,,,B1,common,0.70,https://en.wiktionary.org/wiki/%E0%A4%B9%E0%A4%BE%E0%A4%81_%E0%A4%AE%E0%A5%87%E0%A4%82_%E0%A4%B9%E0%A4%BE%E0%A4%81_%E0%A4%AE%E0%A4%BF%E0%A4%B2%E0%A4%BE%E0%A4%A8%E0%A4%BE,CC-BY-SA-4.0,,hi_wiktionary_idioms,Auto-imported from Wiktionary. Verify explanation and surface_patterns before promotion.
hi,а§єа§Ња§• а§Ьа•Ла§°а§Ља§®а§Њ,,,а§єа§Ња§• а§Ьа•Ла§°а§Ља§®а§Њ,cultural_reference,Wiktionary,Wiktionary contributors,,,,"to greet, hello",,,,B1,common,0.70,https://en.wiktionary.org/wiki/%E0%A4%B9%E0%A4%BE%E0%A4%A5_%E0%A4%9C%E0%A5%8B%E0%A4%A1%E0%A4%BC%E0%A4%A8%E0%A4%BE,CC-BY-SA-4.0,,hi_wiktionary_idioms,Auto-imported from Wiktionary. Verify explanation and surface_patterns before promotion.
hi,а§єа§Ња§• а§™а§Ња§Ба§µ а§Ъа§≤а§®а§Њ,,,а§єа§Ња§• а§™а§Ња§Ба§µ а§Ъа§≤а§®а§Њ,cultural_reference,Wiktionary,Wiktionary contributors,,,,"to be working, to work",,,,B1,common,0.70,https://en.wiktionary.org/wiki/%E0%A4%B9%E0%A4%BE%E0%A4%A5_%E0%A4%AA%E0%A4%BE%E0%A4%81%E0%A4%B5_%E0%A4%9A%E0%A4%B2%E0%A4%A8%E0%A4%BE,CC-BY-SA-4.0,,hi_wiktionary_idioms,Auto-imported from Wiktionary. Verify explanation and surface_patterns before promotion.
hi,а§єа§Ња§• а§Ѓа•За§В а§єа•Ла§®а§Њ,,,а§єа§Ња§• а§Ѓа•За§В а§єа•Ла§®а§Њ,cultural_reference,Wiktionary,Wiktionary contributors,,,,in the control of,,,,B1,common,0.70,https://en.wiktionary.org/wiki/%E0%A4%B9%E0%A4%BE%E0%A4%A5_%E0%A4%AE%E0%A5%87%E0%A4%82_%E0%A4%B9%E0%A5%8B%E0%A4%A8%E0%A4%BE,CC-BY-SA-4.0,,hi_wiktionary_idioms,Auto-imported from Wiktionary. Verify explanation and surface_patterns before promotion.
hi,а§єа§Ња§•а•А а§Ха•З а§¶а§Ња§Ва§§ а§Ца§Ња§®а•З а§Ха•З а§Фа§∞ а§¶а§ња§Ца§Ња§®а•З а§Ха•З а§Фа§∞,,,а§єа§Ња§•а•А а§Ха•З а§¶а§Ња§Ва§§ а§Ца§Ња§®а•З а§Ха•З а§Фа§∞ а§¶а§ња§Ца§Ња§®а•З а§Ха•З а§Фа§∞,cultural_reference,Wiktionary,Wiktionary contributors,,,,things are not always what they appear; outward appearance is deceptive,,,,B1,common,0.70,https://en.wiktionary.org/wiki/%E0%A4%B9%E0%A4%BE%E0%A4%A5%E0%A5%80_%E0%A4%95%E0%A5%87_%E0%A4%A6%E0%A4%BE%E0%A4%82%E0%A4%A4_%E0%A4%96%E0%A4%BE%E0%A4%A8%E0%A5%87_%E0%A4%95%E0%A5%87_%E0%A4%94%E0%A4%B0_%E0%A4%A6%E0%A4%BF%E0%A4%96%E0%A4%BE%E0%A4%A8%E0%A5%87_%E0%A4%95%E0%A5%87_%E0%A4%94%E0%A4%B0,CC-BY-SA-4.0,,hi_wiktionary_idioms,Auto-imported from Wiktionary. Verify explanation and surface_patterns before promotion.
